present,0,1,2,3,4,5,6,7,8,9,10,11,12,13,14,15,16,17,18,19,20,21,22,23,24,25,26,27,28,29,30,31,32,33,34,35,36,37,38,39,40,41,42,43,44,45,46,47,48,49,50,51,52,53,54,55,56,57,58,59,60,61,62,63,64,65,66,67,68,69,70,71,72,73,74,75,76,77
0,0,290.5429495,587.0153469,889.6005773,1198.489667,1513.881684,1835.98417,2165.013591,2501.195826,2844.766681,3195.972444,3555.070472,3922.329818,4298.031908,4682.471256,5075.956235,5478.809905,5891.370892,6313.994341,6747.052938,7190.938,7646.060658,8112.853128,8591.770078,9083.290105,9587.917333,10106.18314,10638.648,11185.90356,11748.57476,12327.32229,12922.8451,13535.88329,14167.22113,14817.69042,15488.17415,16179.6105,16892.99721,17629.39639,18389.9398,19175.83467,19988.37003,20828.92386,21698.97081,22600.09086,23533.97891,24502.45541,25507.47819,26551.15569,27635.76173,28763.752,29937.78269,31160.73133,32435.72034,33766.14365,35155.69689,36608.41164,38128.69451,39721.37181,41391.74068,43145.628,44989.45826,46930.33221,48976.11827,51135.55911,53418.39657,55835.51859,58399.13285,61122.973,64022.54477,67115.42133,70421.59972,73963.93371,77768.66281,81866.06338,86291.256,91085.21467,96296.0393
1,0,0,296.4723974,599.0576278,907.9467172,1223.338735,1545.441221,1874.470642,2210.652877,2554.223732,2905.429495,3264.527522,3631.786869,4007.488959,4391.928306,4785.413286,5188.266955,5600.827942,6023.451392,6456.509989,6900.395051,7355.517709,7822.310179,8301.227128,8792.747156,9297.374384,9815.640186,10348.10505,10895.36061,11458.03181,12036.77934,12632.30215,13245.34034,13876.67818,14527.14747,15197.6312,15889.06755,16602.45426,17338.85344,18099.39685,18885.29172,19697.82708,20538.38091,21408.42786,22309.54791,23243.43596,24211.91246,25216.93524,26260.61274,27345.21878,28473.20905,29647.23974,30870.18838,32145.17739,33475.6007,34865.15394,36317.86869,37838.15156,39430.82886,41101.19773,42855.08505,44698.91531,46639.78926,48685.57532,50845.01616,53127.85362,55544.97564,58108.5899,60832.43005,63732.00182,66824.87838,70131.05677,73673.39076,77478.11987,81575.52044,86000.71305,90794.67172,96005.49635
2,0,0,0,302.5852304,611.4743197,926.8663373,1248.968823,1577.998244,1914.180479,2257.751334,2608.957098,2968.055125,3335.314471,3711.016561,4095.455909,4488.940888,4891.794558,5304.355545,5726.978995,6160.037591,6603.922653,7059.045311,7525.837781,8004.754731,8496.274758,9000.901986,9519.167788,10051.63265,10598.88821,11161.55941,11740.30694,12335.82975,12948.86795,13580.20579,14230.67508,14901.15881,15592.59515,16305.98186,17042.38104,17802.92446,18588.81932,19401.35469,20241.90852,21111.95546,22013.07551,22946.96356,23915.44006,24920.46284,25964.14035,27048.74638,28176.73665,29350.76735,30573.71599,31848.70499,33179.12831,34568.68154,36021.39629,37541.67916,39134.35646,40804.72534,42558.61265,44402.44291,46343.31686,48389.10292,50548.54376,52831.38122,55248.50324,57812.1175,60535.95765,63435.52943,66528.40599,69834.58438,73376.91837,77181.64747,81279.04804,85704.24065,90498.19932,95709.02396
3,0,0,0,0,308.8890893,624.2811069,946.3835929,1275.413014,1611.595249,1955.166104,2306.371867,2665.469895,3032.729241,3408.431331,3792.870678,4186.355658,4589.209327,5001.770314,5424.393764,5857.452361,6301.337423,6756.460081,7223.252551,7702.169501,8193.689528,8698.316756,9216.582558,9749.047423,10296.30298,10858.97418,11437.72171,12033.24452,12646.28272,13277.62056,13928.08985,14598.57358,15290.00992,16003.39663,16739.79581,17500.33923,18286.23409,19098.76946,19939.32328,20809.37023,21710.49028,22644.37833,23612.85483,24617.87761,25661.55511,26746.16115,27874.15142,29048.18212,30271.13076,31546.11976,32876.54307,34266.09631,35718.81106,37239.09393,38831.77123,40502.14011,42256.02742,44099.85768,46040.73163,48086.51769,50245.95853,52528.79599,54945.91801,57509.53227,60233.37242,63132.9442,66225.82076,69531.99915,73074.33314,76879.06224,80976.46281,85401.65542,90195.61409,95406.43873
4,0,0,0,0,0,315.3920175,637.4945035,966.5239247,1302.706159,1646.277015,1997.482778,2356.580805,2723.840152,3099.542241,3483.981589,3877.466569,4280.320238,4692.881225,5115.504675,5548.563272,5992.448333,6447.570992,6914.363462,7393.280411,7884.800439,8389.427667,8907.693468,9440.158333,9987.413889,10550.08509,11128.83262,11724.35543,12337.39363,12968.73147,13619.20076,14289.68449,14981.12083,15694.50754,16430.90672,17191.45014,17977.345,18789.88037,19630.4342,20500.48114,21401.60119,22335.48924,23303.96574,24308.98852,25352.66603,26437.27206,27565.26233,28739.29303,29962.24167,31237.23067,32567.65399,33957.20722,35409.92197,36930.20484,38522.88214,40193.25102,41947.13833,43790.96859,45731.84254,47777.6286,49937.06944,52219.9069,54637.02892,57200.64318,59924.48333,62824.05511,65916.93167,69223.11006,72765.44405,76570.17315,80667.57372,85092.76633,89886.725,95097.54964
5,0,0,0,0,0,0,322.102486,651.1319072,987.3141419,1330.884997,1682.09076,2041.188788,2408.448134,2784.150224,3168.589572,3562.074551,3964.928221,4377.489207,4800.112657,5233.171254,5677.056316,6132.178974,6598.971444,7077.888394,7569.408421,8074.035649,8592.301451,9124.766316,9672.021871,10234.69308,10813.4406,11408.96342,12022.00161,12653.33945,13303.80874,13974.29247,14665.72882,15379.11552,16115.5147,16876.05812,17661.95298,18474.48835,19315.04218,20185.08912,21086.20917,22020.09722,22988.57372,23993.5965,25037.27401,26121.88004,27249.87032,28423.90101,29646.84965,30921.83866,32252.26197,33641.8152,35094.52995,36614.81283,38207.49013,39877.859,41631.74632,43475.57657,45416.45053,47462.23659,49621.67743,51904.51489,54321.6369,56885.25116,59609.09132,62508.66309,65601.53965,68907.71804,72450.05203,76254.78113,80352.1817,84777.37432,89571.33298,94782.15762
6,0,0,0,0,0,0,0,329.0294212,665.2116559,1008.782511,1359.988274,1719.086302,2086.345648,2462.047738,2846.487086,3239.972065,3642.825735,4055.386721,4478.010171,4911.068768,5354.95383,5810.076488,6276.868958,6755.785908,7247.305935,7751.933163,8270.198965,8802.66383,9349.919385,9912.59059,10491.33812,11086.86093,11699.89912,12331.23696,12981.70625,13652.18998,14343.62633,15057.01304,15793.41222,16553.95563,17339.8505,18152.38586,18992.93969,19862.98664,20764.10669,21697.99474,22666.47124,23671.49402,24715.17152,25799.77756,26927.76783,28101.79852,29324.74716,30599.73617,31930.15948,33319.71272,34772.42747,36292.71034,37885.38764,39555.75651,41309.64383,43153.47409,45094.34804,47140.1341,49299.57494,51582.4124,53999.53442,56563.14868,59286.98883,62186.5606,65279.43716,68585.61555,72127.94954,75932.67864,80030.07921,84455.27183,89249.2305,94460.05513
7,0,0,0,0,0,0,0,0,336.1822347,679.7530899,1030.958853,1390.056881,1757.316227,2133.018317,2517.457664,2910.942644,3313.796313,3726.3573,4148.98075,4582.039347,5025.924409,5481.047067,5947.839537,6426.756487,6918.276514,7422.903742,7941.169544,8473.634409,9020.889964,9583.561169,10162.30869,10757.83151,11370.8697,12002.20754,12652.67683,13323.16056,14014.59691,14727.98361,15464.3828,16224.92621,17010.82108,17823.35644,18663.91027,19533.95722,20435.07727,21368.96532,22337.44182,23342.4646,24386.1421,25470.74813,26598.73841,27772.7691,28995.71774,30270.70675,31601.13006,32990.6833,34443.39804,35963.68092,37556.35822,39226.72709,40980.61441,42824.44467,44765.31862,46811.10468,48970.54552,51253.38298,53670.505,56234.11926,58957.95941,61857.53118,64950.40774,68256.58613,71798.92012,75603.64922,79701.04979,84126.24241,88920.20108,94131.02571
8,0,0,0,0,0,0,0,0,0,343.5708552,694.7766184,1053.874646,1421.133992,1796.836082,2181.27543,2574.760409,2977.614079,3390.175065,3812.798515,4245.857112,4689.742174,5144.864832,5611.657302,6090.574252,6582.094279,7086.721507,7604.987309,8137.452174,8684.707729,9247.378934,9826.12646,10421.64928,11034.68747,11666.02531,12316.4946,12986.97833,13678.41467,14391.80138,15128.20056,15888.74398,16674.63884,17487.17421,18327.72804,19197.77498,20098.89503,21032.78308,22001.25958,23006.28236,24049.95987,25134.5659,26262.55617,27436.58687,28659.53551,29934.52451,31264.94783,32654.50106,34107.21581,35627.49869,37220.17598,38890.54486,40644.43217,42488.26243,44429.13638,46474.92244,48634.36329,50917.20075,53334.32276,55897.93702,58621.77717,61521.34895,64614.22551,67920.4039,71462.73789,75267.46699,79364.86756,83790.06017,88584.01884,93794.84348
9,0,0,0,0,0,0,0,0,0,0,351.2057631,710.3037906,1077.563137,1453.265227,1837.704574,2231.189554,2634.043223,3046.60421,3469.22766,3902.286257,4346.171319,4801.293977,5268.086447,5747.003397,6238.523424,6743.150652,7261.416454,7793.881319,8341.136874,8903.808079,9482.555604,10078.07842,10691.11661,11322.45445,11972.92374,12643.40747,13334.84382,14048.23053,14784.62971,15545.17312,16331.06799,17143.60335,17984.15718,18854.20413,19755.32418,20689.21223,21657.68873,22662.71151,23706.38901,24790.99504,25918.98532,27093.01601,28315.96465,29590.95366,30921.37697,32310.93021,33763.64496,35283.92783,36876.60513,38546.974,40300.86132,42144.69158,44085.56553,46131.35159,48290.79243,50573.62989,52990.75191,55554.36617,58278.20632,61177.77809,64270.65465,67576.83304,71119.16703,74923.89613,79021.2967,83446.48932,88240.44799,93451.27262
10,0,0,0,0,0,0,0,0,0,0,0,359.0980275,726.3573737,1102.059464,1486.498811,1879.983791,2282.83746,2695.398447,3118.021897,3551.080494,3994.965556,4450.088214,4916.880684,5395.797633,5887.317661,6391.944889,6910.210691,7442.675556,7989.931111,8552.602316,9131.349841,9726.872657,10339.91085,10971.24869,11621.71798,12292.20171,12983.63806,13697.02476,14433.42394,15193.96736,15979.86222,16792.39759,17632.95142,18502.99836,19404.11841,20338.00646,21306.48296,22311.50574,23355.18325,24439.78928,25567.77956,26741.81025,27964.75889,29239.7479,30570.17121,31959.72444,33412.43919,34932.72207,36525.39937,38195.76824,39949.65556,41793.48581,43734.35977,45780.14583,47939.58667,50222.42413,52639.54614,55203.1604,57927.00056,60826.57233,63919.44889,67225.62728,70767.96127,74572.69037,78670.09094,83095.28356,87889.24222,93100.06686
11,0,0,0,0,0,0,0,0,0,0,0,0,367.2593463,742.9614361,1127.400784,1520.885763,1923.739433,2336.30042,2758.92387,3191.982466,3635.867528,4090.990186,4557.782656,5036.699606,5528.219633,6032.846861,6551.112663,7083.577528,7630.833084,8193.504289,8772.251814,9367.77463,9980.812822,10612.15066,11262.61995,11933.10368,12624.54003,13337.92673,14074.32592,14834.86933,15620.76419,16433.29956,17273.85339,18143.90034,19045.02039,19978.90844,20947.38494,21952.40772,22996.08522,24080.69125,25208.68153,26382.71222,27605.66086,28880.64987,30211.07318,31600.62642,33053.34116,34573.62404,36166.30134,37836.67021,39590.55753,41434.38778,43375.26174,45421.0478,47580.48864,49863.3261,52280.44812,54844.06238,57567.90253,60467.4743,63560.35086,66866.52925,70408.86324,74213.59234,78310.99291,82736.18553,87530.14419,92740.96883
12,0,0,0,0,0,0,0,0,0,0,0,0,0,375.7020899,760.1414376,1153.626417,1556.480087,1969.041073,2391.664523,2824.72312,3268.608182,3723.73084,4190.52331,4669.44026,5160.960287,5665.587515,6183.853317,6716.318182,7263.573737,7826.244942,8404.992468,9000.515283,9613.553476,10244.89132,10895.36061,11565.84434,12257.28068,12970.66739,13707.06657,14467.60999,15253.50485,16066.04022,16906.59404,17776.64099,18677.76104,19611.64909,20580.12559,21585.14837,22628.82587,23713.43191,24841.42218,26015.45288,27238.40152,28513.39052,29843.81383,31233.36707,32686.08182,34206.36469,35799.04199,37469.41086,39223.29818,41067.12844,43008.00239,45053.78845,47213.22929,49496.06675,51913.18877,54476.80303,57200.64318,60100.21496,63193.09152,66499.26991,70041.6039,73846.333,77943.73357,82368.92618,87162.88485,92373.70949
13,0,0,0,0,0,0,0,0,0,0,0,0,0,0,384.4393478,777.9243272,1180.777997,1593.338984,2015.962433,2449.02103,2892.906092,3348.02875,3814.82122,4293.73817,4785.258197,5289.885425,5808.151227,6340.616092,6887.871648,7450.542853,8029.290378,8624.813193,9237.851386,9869.189226,10519.65852,11190.14225,11881.57859,12594.9653,13331.36448,14091.9079,14877.80276,15690.33813,16530.89195,17400.9389,18302.05895,19235.947,20204.4235,21209.44628,22253.12378,23337.72982,24465.72009,25639.75079,26862.69943,28137.68843,29468.11174,30857.66498,32310.37973,33830.6626,35423.3399,37093.70877,38847.59609,40691.42635,42632.3003,44678.08636,46837.5272,49120.36466,51537.48668,54101.10094,56824.94109,59724.51287,62817.38943,66123.56782,69665.90181,73470.63091,77568.03148,81993.22409,86787.18276,91998.0074
14,0,0,0,0,0,0,0,0,0,0,0,0,0,0,0,393.4849795,796.3386489,1208.899636,1631.523086,2064.581682,2508.466744,2963.589402,3430.381872,3909.298822,4400.818849,4905.446078,5423.711879,5956.176744,6503.4323,7066.103505,7644.85103,8240.373846,8853.412038,9484.749879,10135.21917,10805.7029,11497.13924,12210.52595,12946.92513,13707.46855,14493.36341,15305.89878,16146.45261,17016.49955,17917.6196,18851.50765,19819.98415,20825.00693,21868.68444,22953.29047,24081.28074,25255.31144,26478.26008,27753.24908,29083.6724,30473.22563,31925.94038,33446.22326,35038.90055,36709.26943,38463.15674,40306.987,42247.86095,44293.64701,46453.08786,48735.92532,51153.04733,53716.66159,56440.50174,59340.07352,62432.95008,65739.12847,69281.46246,73086.19156,77183.59213,81608.78474,86402.74341,91613.56805
15,0,0,0,0,0,0,0,0,0,0,0,0,0,0,0,0,402.8536695,815.4146563,1238.038106,1671.096703,2114.981765,2570.104423,3036.896893,3515.813843,4007.33387,4511.961098,5030.2269,5562.691765,6109.94732,6672.618525,7251.36605,7846.888866,8459.927059,9091.264899,9741.734189,10412.21792,11103.65426,11817.04097,12553.44015,13313.98357,14099.87843,14912.4138,15752.96763,16623.01457,17524.13462,18458.02267,19426.49917,20431.52195,21475.19946,22559.80549,23687.79576,24861.82646,26084.7751,27359.76411,28690.18742,30079.74065,31532.4554,33052.73828,34645.41557,36315.78445,38069.67176,39913.50202,41854.37598,43900.16203,46059.60288,48342.44034,50759.56235,53323.17661,56047.01676,58946.58854,62039.4651,65345.64349,68887.97748,72692.70658,76790.10715,81215.29976,86009.25843,91220.08307
16,0,0,0,0,0,0,0,0,0,0,0,0,0,0,0,0,0,412.5609868,835.1844367,1268.243034,1712.128095,2167.250753,2634.043223,3112.960173,3604.480201,4109.107429,4627.37323,5159.838095,5707.093651,6269.764856,6848.512381,7444.035197,8057.073389,8688.41123,9338.880519,10009.36425,10700.8006,11414.1873,12150.58648,12911.1299,13697.02476,14509.56013,15350.11396,16220.1609,17121.28095,18055.169,19023.6455,20028.66828,21072.34579,22156.95182,23284.9421,24458.97279,25681.92143,26956.91044,28287.33375,29676.88698,31129.60173,32649.88461,34242.5619,35912.93078,37666.8181,39510.64835,41451.52231,43497.30837,45656.74921,47939.58667,50356.70868,52920.32294,55644.1631,58543.73487,61636.61143,64942.78982,68485.12381,72289.85291,76387.25348,80812.4461,85606.40476,90817.2294
17,0,0,0,0,0,0,0,0,0,0,0,0,0,0,0,0,0,0,422.6234499,855.6820467,1299.567108,1754.689767,2221.482237,2700.399186,3191.919214,3696.546442,4214.812244,4747.277108,5294.532664,5857.203869,6435.951394,7031.47421,7644.512403,8275.850243,8926.319533,9596.803262,10288.23961,11001.62631,11738.0255,12498.56891,13284.46378,14096.99914,14937.55297,15807.59992,16708.71997,17642.60802,18611.08452,19616.1073,20659.7848,21744.39083,22872.38111,24046.4118,25269.36044,26544.34945,27874.77276,29264.326,30717.04074,32237.32362,33830.00092,35500.36979,37254.25711,39098.08736,41038.96132,43084.74738,45244.18822,47527.02568,49944.1477,52507.76196,55231.60211,58131.17388,61224.05044,64530.22883,68072.56282,71877.29192,75974.69249,80399.88511,85193.84378,90404.66841
18,0,0,0,0,0,0,0,0,0,0,0,0,0,0,0,0,0,0,0,433.0585968,876.9436585,1332.066317,1798.858787,2277.775736,2769.295764,3273.922992,3792.188794,4324.653659,4871.909214,5434.580419,6013.327944,6608.85076,7221.888953,7853.226793,8503.696083,9174.179812,9865.616159,10579.00286,11315.40205,12075.94546,12861.84033,13674.37569,14514.92952,15384.97647,16286.09652,17219.98457,18188.46107,19193.48385,20237.16135,21321.76738,22449.75766,23623.78835,24846.73699,26121.726,27452.14931,28841.70255,30294.41729,31814.70017,33407.37747,35077.74634,36831.63366,38675.46391,40616.33787,42662.12393,44821.56477,47104.40223,49521.52425,52085.13851,54808.97866,57708.55043,60801.42699,64107.60538,67649.93937,71454.66847,75552.06904,79977.26166,84771.22033,89982.04496
19,0,0,0,0,0,0,0,0,0,0,0,0,0,0,0,0,0,0,0,0,443.8850617,899.00772,1365.80019,1844.71714,2336.237167,2840.864395,3359.130197,3891.595062,4438.850617,5001.521822,5580.269347,6175.792163,6788.830356,7420.168196,8070.637486,8741.121216,9432.557562,10145.94427,10882.34345,11642.88687,12428.78173,13241.3171,14081.87092,14951.91787,15853.03792,16786.92597,17755.40247,18760.42525,19804.10275,20888.70879,22016.69906,23190.72976,24413.6784,25688.6674,27019.09071,28408.64395,29861.3587,31381.64157,32974.31887,34644.68774,36398.57506,38242.40532,40183.27927,42229.06533,44388.50617,46671.34363,49088.46565,51652.07991,54375.92006,57275.49184,60368.3684,63674.54679,67216.88078,71021.60988,75119.01045,79544.20306,84338.16173,89548.98637
20,0,0,0,0,0,0,0,0,0,0,0,0,0,0,0,0,0,0,0,0,0,455.1226582,921.9151282,1400.832078,1892.352105,2396.979333,2915.245135,3447.71,3994.965556,4557.636761,5136.384286,5731.907101,6344.945294,6976.283134,7626.752424,8297.236154,8988.6725,9702.059206,10438.45839,11199.0018,11984.89667,12797.43203,13637.98586,14508.03281,15409.15286,16343.04091,17311.51741,18316.54019,19360.21769,20444.82373,21572.814,22746.84469,23969.79333,25244.78234,26575.20565,27964.75889,29417.47364,30937.75651,32530.43381,34200.80268,35954.69,37798.52026,39739.39421,41785.18027,43944.62111,46227.45857,48644.58059,51208.19485,53932.035,56831.60677,59924.48333,63230.66172,66772.99571,70577.72481,74675.12538,79100.318,83894.27667,89105.1013
21,0,0,0,0,0,0,0,0,0,0,0,0,0,0,0,0,0,0,0,0,0,0,466.79247,945.7094197,1437.229447,1941.856675,2460.122477,2992.587342,3539.842897,4102.514102,4681.261627,5276.784443,5889.822636,6521.160476,7171.629766,7842.113496,8533.549842,9246.936548,9983.335729,10743.87915,11529.77401,12342.30938,13182.8632,14052.91015,14954.0302,15887.91825,16856.39475,17861.41753,18905.09503,19989.70107,21117.69134,22291.72204,23514.67068,24789.65968,26120.08299,27509.63623,28962.35098,30482.63385,32075.31115,33745.68002,35499.56734,37343.3976,39284.27155,41330.05761,43489.49845,45772.33591,48189.45793,50753.07219,53476.91234,56376.48412,59469.36068,62775.53907,66317.87306,70122.60216,74220.00273,78645.19534,83439.15401,88649.97865
22,0,0,0,0,0,0,0,0,0,0,0,0,0,0,0,0,0,0,0,0,0,0,0,478.9169497,970.4369771,1475.064205,1993.330007,2525.794872,3073.050427,3635.721632,4214.469158,4809.991973,5423.030166,6054.368006,6704.837296,7375.321026,8066.757372,8780.144078,9516.543259,10277.08668,11062.98154,11875.51691,12716.07073,13586.11768,14487.23773,15421.12578,16389.60228,17394.62506,18438.30256,19522.9086,20650.89887,21824.92957,23047.87821,24322.86721,25653.29052,27042.84376,28495.55851,30015.84138,31608.51868,33278.88755,35032.77487,36876.60513,38817.47908,40863.26514,43022.70598,45305.54344,47722.66546,50286.27972,53010.11987,55909.69165,59002.56821,62308.7466,65851.08059,69655.80969,73753.21026,78178.40287,82972.36154,88183.18618
23,0,0,0,0,0,0,0,0,0,0,0,0,0,0,0,0,0,0,0,0,0,0,0,0,491.5200273,996.1472554,1514.413057,2046.877922,2594.133478,3156.804683,3735.552208,4331.075024,4944.113216,5575.451056,6225.920346,6896.404076,7587.840422,8301.227128,9037.626309,9798.169725,10584.06459,11396.59996,12237.15378,13107.20073,14008.32078,14942.20883,15910.68533,16915.70811,17959.38561,19043.99165,20171.98192,21346.01262,22568.96126,23843.95026,25174.37357,26563.92681,28016.64156,29536.92443,31129.60173,32799.97061,34553.85792,36397.68818,38338.56213,40384.34819,42543.78903,44826.62649,47243.74851,49807.36277,52531.20292,55430.7747,58523.65126,61829.82965,65372.16364,69176.89274,73274.29331,77699.48592,82493.44459,87704.26923
24,0,0,0,0,0,0,0,0,0,0,0,0,0,0,0,0,0,0,0,0,0,0,0,0,0,504.6272281,1022.89303,1555.357895,2102.61345,2665.284655,3244.03218,3839.554996,4452.593189,5083.931029,5734.400319,6404.884049,7096.320395,7809.707101,8546.106282,9306.649698,10092.54456,10905.07993,11745.63376,12615.6807,13516.80075,14450.6888,15419.1653,16424.18808,17467.86559,18552.47162,19680.46189,20854.49259,22077.44123,23352.43024,24682.85355,26072.40678,27525.12153,29045.40441,30638.0817,32308.45058,34062.33789,35906.16815,37847.04211,39892.82817,42052.26901,44335.10647,46752.22848,49315.84274,52039.68289,54939.25467,58032.13123,61338.30962,64880.64361,68685.37271,72782.77328,77207.96589,82001.92456,87212.7492
25,0,0,0,0,0,0,0,0,0,0,0,0,0,0,0,0,0,0,0,0,0,0,0,0,0,0,518.2658018,1050.730667,1597.986222,2160.657427,2739.404952,3334.927768,3947.965961,4579.303801,5229.773091,5900.256821,6591.693167,7305.079873,8041.479054,8802.02247,9587.917333,10400.4527,11241.00653,12111.05347,13012.17352,13946.06158,14914.53807,15919.56086,16963.23836,18047.84439,19175.83467,20349.86536,21572.814,22847.80301,24178.22632,25567.77956,27020.4943,28540.77718,30133.45448,31803.82335,33557.71067,35401.54092,37342.41488,39388.20094,41547.64178,43830.47924,46247.60125,48811.21552,51535.05567,54434.62744,57527.504,60833.68239,64376.01638,68180.74548,72278.14605,76703.33867,81497.29733,86708.12197
26,0,0,0,0,0,0,0,0,0,0,0,0,0,0,0,0,0,0,0,0,0,0,0,0,0,0,0,532.4648649,1079.72042,1642.391625,2221.139151,2816.661966,3429.700159,4061.037999,4711.507289,5381.991019,6073.427365,6786.814071,7523.213252,8283.756668,9069.651532,9882.186899,10722.74073,11592.78767,12493.90772,13427.79577,14396.27227,15401.29505,16444.97256,17529.57859,18657.56886,19831.59956,21054.5482,22329.53721,23659.96052,25049.51375,26502.2285,28022.51138,29615.18867,31285.55755,33039.44486,34883.27512,36824.14908,38869.93514,41029.37598,43312.21344,45729.33545,48292.94971,51016.78986,53916.36164,57009.2382,60315.41659,63857.75058,67662.47968,71759.88025,76185.07286,80979.03153,86189.85617
27,0,0,0,0,0,0,0,0,0,0,0,0,0,0,0,0,0,0,0,0,0,0,0,0,0,0,0,0,547.2555556,1109.926761,1688.674286,2284.197101,2897.235294,3528.573134,4179.042424,4849.526154,5540.9625,6254.349206,6990.748387,7751.291803,8537.186667,9349.722034,10190.27586,11060.32281,11961.44286,12895.33091,13863.80741,14868.83019,15912.50769,16997.11373,18125.104,19299.13469,20522.08333,21797.07234,23127.49565,24517.04889,25969.76364,27490.04651,29082.72381,30753.09268,32506.98,34350.81026,36291.68421,38337.47027,40496.91111,42779.74857,45196.87059,47760.48485,50484.325,53383.89677,56476.77333,59782.95172,63325.28571,67130.01481,71227.41538,75652.608,80446.56667,85657.3913
28,0,0,0,0,0,0,0,0,0,0,0,0,0,0,0,0,0,0,0,0,0,0,0,0,0,0,0,0,0,562.671205,1141.41873,1736.941546,2349.979739,2981.317579,3631.786869,4302.270598,4993.706944,5707.093651,6443.492832,7204.036248,7989.931111,8802.466478,9643.020307,10513.06725,11414.1873,12348.07535,13316.55185,14321.57463,15365.25214,16449.85817,17577.84844,18751.87914,19974.82778,21249.81678,22580.2401,23969.79333,25422.50808,26942.79096,28535.46825,30205.83713,31959.72444,33803.5547,35744.42865,37790.21471,39949.65556,42232.49302,44649.61503,47213.22929,49937.06944,52836.64122,55929.51778,59235.69617,62778.03016,66582.75926,70680.15983,75105.35244,79899.31111,85110.13575
29,0,0,0,0,0,0,0,0,0,0,0,0,0,0,0,0,0,0,0,0,0,0,0,0,0,0,0,0,0,0,578.7475252,1174.270341,1787.308534,2418.646374,3069.115664,3739.599393,4431.035739,5144.422446,5880.821627,6641.365043,7427.259906,8239.795273,9080.349102,9950.396046,10851.5161,11785.40415,12753.88065,13758.90343,14802.58093,15887.18696,17015.17724,18189.20793,19412.15657,20687.14558,22017.56889,23407.12213,24859.83688,26380.11975,27972.79705,29643.16592,31397.05324,33240.8835,35181.75745,37227.54351,39386.98435,41669.82181,44086.94383,46650.55809,49374.39824,52273.97001,55366.84657,58673.02496,62215.35895,66020.08805,70117.48862,74542.68124,79336.63991,84547.46454
30,0,0,0,0,0,0,0,0,0,0,0,0,0,0,0,0,0,0,0,0,0,0,0,0,0,0,0,0,0,0,0,595.5228157,1208.561008,1839.898849,2490.368139,3160.851868,3852.288214,4565.674921,5302.074101,6062.617518,6848.512381,7661.047748,8501.601576,9371.648521,10272.76857,11206.65662,12175.13312,13180.1559,14223.83341,15308.43944,16436.42971,17610.46041,18833.40905,20108.39805,21438.82137,22828.3746,24281.08935,25801.37223,27394.04952,29064.4184,30818.30571,32662.13597,34603.00992,36648.79598,38808.23683,41091.07429,43508.1963,46071.81056,48795.65071,51695.22249,54788.09905,58094.27744,61636.61143,65441.34053,69538.7411,73963.93371,78757.89238,83968.71702
31,0,0,0,0,0,0,0,0,0,0,0,0,0,0,0,0,0,0,0,0,0,0,0,0,0,0,0,0,0,0,0,0,613.0381927,1244.376033,1894.845323,2565.329052,3256.765399,3970.152105,4706.551286,5467.094702,6252.989565,7065.524932,7906.078761,8776.125706,9677.245756,10611.13381,11579.61031,12584.63309,13628.31059,14712.91662,15840.9069,17014.93759,18237.88623,19512.87524,20843.29855,22232.85179,23685.56653,25205.84941,26798.52671,28468.89558,30222.7829,32066.61315,34007.48711,36053.27317,38212.71401,40495.55147,42912.67349,45476.28775,48200.1279,51099.69967,54192.57623,57498.75462,61041.08861,64845.81771,68943.21828,73368.4109,78162.36957,83373.1942
32,0,0,0,0,0,0,0,0,0,0,0,0,0,0,0,0,0,0,0,0,0,0,0,0,0,0,0,0,0,0,0,0,0,631.3378402,1281.80713,1952.29086,2643.727206,3357.113912,4093.513093,4854.056509,5639.951373,6452.48674,7293.040568,8163.087513,9064.207563,9998.095615,10966.57211,11971.59489,13015.2724,14099.87843,15227.86871,16401.8994,17624.84804,18899.83705,20230.26036,21619.81359,23072.52834,24592.81122,26185.48852,27855.85739,29609.74471,31453.57496,33394.44892,35440.23498,37599.67582,39882.51328,42299.63529,44863.24955,47587.08971,50486.66148,53579.53804,56885.71643,60428.05042,64232.77952,68330.18009,72755.37271,77549.33137,82760.15601
33,0,0,0,0,0,0,0,0,0,0,0,0,0,0,0,0,0,0,0,0,0,0,0,0,0,0,0,0,0,0,0,0,0,0,650.4692899,1320.95302,2012.389366,2725.776072,3462.175253,4222.718669,5008.613532,5821.1489,6661.702728,7531.749673,8432.869723,9366.757775,10335.23427,11340.25705,12383.93456,13468.54059,14596.53087,15770.56156,16993.5102,18268.49921,19598.92252,20988.47575,22441.1905,23961.47338,25554.15068,27224.51955,28978.40687,30822.23712,32763.11108,34808.89714,36968.33798,39251.17544,41668.29745,44231.91171,46955.75187,49855.32364,52948.2002,56254.37859,59796.71258,63601.44168,67698.84225,72124.03487,76917.99353,82128.81817
34,0,0,0,0,0,0,0,0,0,0,0,0,0,0,0,0,0,0,0,0,0,0,0,0,0,0,0,0,0,0,0,0,0,0,0,670.4837296,1361.920076,2075.306782,2811.705963,3572.249379,4358.144242,5170.67961,6011.233438,6881.280383,7782.400433,8716.288485,9684.764983,10689.78776,11733.46527,12818.0713,13946.06158,15120.09227,16343.04091,17618.02992,18948.45323,20338.00646,21790.72121,23311.00409,24903.68139,26574.05026,28327.93758,30171.76783,32112.64179,34158.42785,36317.86869,38600.70615,41017.82816,43581.44242,46305.28258,49204.85435,52297.73091,55603.9093,59146.24329,62950.97239,67048.37296,71473.56558,76267.52424,81478.34888
35,0,0,0,0,0,0,0,0,0,0,0,0,0,0,0,0,0,0,0,0,0,0,0,0,0,0,0,0,0,0,0,0,0,0,0,0,691.4363462,1404.823053,2141.222233,2901.765649,3687.660513,4500.19588,5340.749708,6210.796653,7111.916703,8045.804755,9014.281254,10019.30403,11062.98154,12147.58757,13275.57785,14449.60854,15672.55718,16947.54619,18277.9695,19667.52274,21120.23748,22640.52036,24233.19766,25903.56653,27657.45385,29501.2841,31442.15806,33487.94412,35647.38496,37930.22242,40347.34443,42910.95869,45634.79885,48534.37062,51627.24718,54933.42557,58475.75956,62280.48866,66377.88923,70803.08185,75597.04051,80807.86515
36,0,0,0,0,0,0,0,0,0,0,0,0,0,0,0,0,0,0,0,0,0,0,0,0,0,0,0,0,0,0,0,0,0,0,0,0,0,713.3867063,1449.785887,2210.329303,2996.224167,3808.759534,4649.313362,5519.360307,6420.480357,7354.368409,8322.844907,9327.867689,10371.54519,11456.15123,12584.1415,13758.17219,14981.12083,16256.10984,17586.53315,18976.08639,20428.80114,21949.08401,23541.76131,25212.13018,26966.0175,28809.84776,30750.72171,32796.50777,34955.94861,37238.78607,39655.90809,42219.52235,44943.3625,47842.93427,50935.81083,54241.98922,57784.32321,61589.05231,65686.45288,70111.6455,74905.60417,80116.4288
37,0,0,0,0,0,0,0,0,0,0,0,0,0,0,0,0,0,0,0,0,0,0,0,0,0,0,0,0,0,0,0,0,0,0,0,0,0,0,736.3991807,1496.942597,2282.83746,3095.372828,3935.926656,4805.973601,5707.093651,6640.981703,7609.458201,8614.480982,9658.158486,10742.76452,11870.75479,13044.78549,14267.73413,15542.72313,16873.14645,18262.69968,19715.41443,21235.69731,22828.3746,24498.74348,26252.63079,28096.46105,30037.335,32083.12106,34242.5619,36525.39937,38942.52138,41506.13564,44229.97579,47129.54757,50222.42413,53528.60252,57070.93651,60875.66561,64973.06618,69398.25879,74192.21746,79403.0421
38,0,0,0,0,0,0,0,0,0,0,0,0,0,0,0,0,0,0,0,0,0,0,0,0,0,0,0,0,0,0,0,0,0,0,0,0,0,0,0,760.5434162,1546.43828,2358.973647,3199.527475,4069.57442,4970.69447,5904.582522,6873.05902,7878.081802,8921.759305,10006.36534,11134.35561,12308.38631,13531.33495,14806.32395,16136.74727,17526.3005,18979.01525,20499.29812,22091.97542,23762.3443,25516.23161,27360.06187,29300.93582,31346.72188,33506.16272,35789.00018,38206.1222,40769.73646,43493.57661,46393.14839,49486.02495,52792.20334,56334.53733,60139.26643,64236.667,68661.85961,73455.81828,78666.64292
39,0,0,0,0,0,0,0,0,0,0,0,0,0,0,0,0,0,0,0,0,0,0,0,0,0,0,0,0,0,0,0,0,0,0,0,0,0,0,0,0,785.8948634,1598.430231,2438.984059,3309.031004,4210.151054,5144.039106,6112.515604,7117.538385,8161.215889,9245.821922,10373.8122,11547.84289,12770.79153,14045.78054,15376.20385,16765.75709,18218.47183,19738.75471,21331.43201,23001.80088,24755.6882,26599.51845,28540.39241,30586.17847,32745.61931,35028.45677,37445.57878,40009.19305,42733.0332,45632.60497,48725.48153,52031.65992,55573.99391,59378.72301,63476.12358,67901.3162,72695.27486,77906.0995
40,0,0,0,0,0,0,0,0,0,0,0,0,0,0,0,0,0,0,0,0,0,0,0,0,0,0,0,0,0,0,0,0,0,0,0,0,0,0,0,0,0,812.5353672,1653.089195,2523.13614,3424.25619,4358.144242,5326.620741,6331.643522,7375.321026,8459.927059,9587.917333,10761.94803,11984.89667,13259.88567,14590.30899,15979.86222,17432.57697,18952.85984,20545.53714,22215.90602,23969.79333,25813.62359,27754.49754,29800.2836,31959.72444,34242.5619,36659.68392,39223.29818,41947.13833,44846.71011,47939.58667,51245.76506,54788.09905,58592.82815,62690.22872,67115.42133,71909.38,77120.20464
41,0,0,0,0,0,0,0,0,0,0,0,0,0,0,0,0,0,0,0,0,0,0,0,0,0,0,0,0,0,0,0,0,0,0,0,0,0,0,0,0,0,0,840.5538282,1710.600773,2611.720823,3545.608875,4514.085374,5519.108155,6562.785658,7647.391692,8775.381966,9949.41266,11172.3613,12447.35031,13777.77362,15167.32685,16620.0416,18140.32448,19733.00178,21403.37065,23157.25797,25001.08822,26941.96218,28987.74824,31147.18908,33430.02654,35847.14855,38410.76281,41134.60297,44034.17474,47127.0513,50433.22969,53975.56368,57780.29278,61877.69335,66302.88597,71096.84463,76307.66927
42,0,0,0,0,0,0,0,0,0,0,0,0,0,0,0,0,0,0,0,0,0,0,0,0,0,0,0,0,0,0,0,0,0,0,0,0,0,0,0,0,0,0,0,870.0469449,1771.166995,2705.055047,3673.531545,4678.554327,5722.23183,6806.837863,7934.828138,9108.858832,10331.80747,11606.79648,12937.21979,14326.77303,15779.48777,17299.77065,18892.44795,20562.81682,22316.70414,24160.53439,26101.40835,28147.19441,30306.63525,32589.47271,35006.59473,37570.20899,40294.04914,43193.62091,46286.49747,49592.67586,53135.00985,56939.73895,61037.13952,65462.33214,70256.2908,75467.11544
43,0,0,0,0,0,0,0,0,0,0,0,0,0,0,0,0,0,0,0,0,0,0,0,0,0,0,0,0,0,0,0,0,0,0,0,0,0,0,0,0,0,0,0,0,901.1200501,1835.008102,2803.4846,3808.507382,4852.184885,5936.790918,7064.781193,8238.811887,9461.760526,10736.74953,12067.17285,13456.72608,14909.44083,16429.7237,18022.401,19692.76988,21446.65719,23290.48745,25231.3614,27277.14746,29436.5883,31719.42576,34136.54778,36700.16204,39424.00219,42323.57397,45416.45053,48722.62892,52264.96291,56069.69201,60167.09258,64592.28519,69386.24386,74597.0685
44,0,0,0,0,0,0,0,0,0,0,0,0,0,0,0,0,0,0,0,0,0,0,0,0,0,0,0,0,0,0,0,0,0,0,0,0,0,0,0,0,0,0,0,0,0,933.8880519,1902.36455,2907.387332,3951.064835,5035.670868,6163.661143,7337.691837,8560.640476,9835.629483,11166.0528,12555.60603,14008.32078,15528.60365,17121.28095,18791.64983,20545.53714,22389.3674,24330.24135,26376.02741,28535.46825,30818.30571,33235.42773,35799.04199,38522.88214,41422.45392,44515.33048,47821.50887,51363.84286,55168.57196,59265.97253,63691.16514,68485.12381,73695.94845
45,0,0,0,0,0,0,0,0,0,0,0,0,0,0,0,0,0,0,0,0,0,0,0,0,0,0,0,0,0,0,0,0,0,0,0,0,0,0,0,0,0,0,0,0,0,0,968.4764983,1973.49928,3017.176783,4101.782816,5229.773091,6403.803785,7626.752424,8901.741431,10232.16474,11621.71798,13074.43273,14594.7156,16187.3929,17857.76177,19611.64909,21455.47935,23396.3533,25442.13936,27601.5802,29884.41766,32301.53968,34865.15394,37588.99409,40488.56587,43581.44242,46887.62082,50429.95481,54234.68391,58332.08448,62757.27709,67551.23576,72762.0604
46,0,0,0,0,0,0,0,0,0,0,0,0,0,0,0,0,0,0,0,0,0,0,0,0,0,0,0,0,0,0,0,0,0,0,0,0,0,0,0,0,0,0,0,0,0,0,0,1005.022781,2048.700285,3133.306318,4261.296593,5435.327286,6658.275926,7933.264933,9263.688245,10653.24148,12105.95623,13626.2391,15218.9164,16889.28528,18643.17259,20487.00285,22427.8768,24473.66286,26633.1037,28915.94116,31333.06318,33896.67744,36620.51759,39520.08937,42612.96593,45919.14432,49461.47831,53266.20741,57363.60798,61788.80059,66582.75926,71793.5839
47,0,0,0,0,0,0,0,0,0,0,0,0,0,0,0,0,0,0,0,0,0,0,0,0,0,0,0,0,0,0,0,0,0,0,0,0,0,0,0,0,0,0,0,0,0,0,0,0,1043.677504,2128.283537,3256.273811,4430.304505,5653.253145,6928.242152,8258.665463,9648.2187,11100.93345,12621.21632,14213.89362,15884.26249,17638.14981,19481.98007,21422.85402,23468.64008,25628.08092,27910.91838,30328.0404,32891.65466,35615.49481,38515.06659,41607.94314,44914.12154,48456.45553,52261.18463,56358.5852,60783.77781,65577.73648,70788.56112
48,0,0,0,0,0,0,0,0,0,0,0,0,0,0,0,0,0,0,0,0,0,0,0,0,0,0,0,0,0,0,0,0,0,0,0,0,0,0,0,0,0,0,0,0,0,0,0,0,0,1084.606033,2212.596308,3386.627002,4609.575641,5884.564648,7214.98796,8604.541197,10057.25594,11577.53882,13170.21612,14840.58499,16594.47231,18438.30256,20379.17652,22424.96258,24584.40342,26867.24088,29284.3629,31847.97716,34571.81731,37471.38908,40564.26564,43870.44403,47412.77802,51217.50712,55314.90769,59740.10031,64534.05897,69744.88361
49,0,0,0,0,0,0,0,0,0,0,0,0,0,0,0,0,0,0,0,0,0,0,0,0,0,0,0,0,0,0,0,0,0,0,0,0,0,0,0,0,0,0,0,0,0,0,0,0,0,0,1127.990275,2302.020968,3524.969608,4799.958615,6130.381927,7519.935163,8972.649911,10492.93279,12085.61008,13755.97896,15509.86627,17353.69653,19294.57049,21340.35654,23499.79739,25782.63485,28199.75686,30763.37112,33487.21127,36386.78305,39479.65961,42785.838,46328.17199,50132.90109,54230.30166,58655.49427,63449.45294,68660.27758
50,0,0,0,0,0,0,0,0,0,0,0,0,0,0,0,0,0,0,0,0,0,0,0,0,0,0,0,0,0,0,0,0,0,0,0,0,0,0,0,0,0,0,0,0,0,0,0,0,0,0,0,1174.030694,2396.979333,3671.96834,5002.391652,6391.944889,7844.659636,9364.942512,10957.61981,12627.98868,14381.876,16225.70626,18166.58021,20212.36627,22371.80711,24654.64457,27071.76659,29635.38085,32359.221,35258.79277,38351.66933,41657.84772,45200.18171,49004.91081,53102.31138,57527.504,62321.46267,67532.2873
51,0,0,0,0,0,0,0,0,0,0,0,0,0,0,0,0,0,0,0,0,0,0,0,0,0,0,0,0,0,0,0,0,0,0,0,0,0,0,0,0,0,0,0,0,0,0,0,0,0,0,0,0,1222.948639,2497.937647,3828.360958,5217.914195,6670.628942,8190.911818,9783.589116,11453.95799,13207.84531,15051.67556,16992.54952,19038.33558,21197.77642,23480.61388,25897.73589,28461.35015,31185.19031,34084.76208,37177.63864,40483.81703,44026.15102,47830.88012,51928.28069,56353.47331,61147.43197,66358.25661
52,0,0,0,0,0,0,0,0,0,0,0,0,0,0,0,0,0,0,0,0,0,0,0,0,0,0,0,0,0,0,0,0,0,0,0,0,0,0,0,0,0,0,0,0,0,0,0,0,0,0,0,0,0,1274.989007,2605.412319,3994.965556,5447.680303,6967.963178,8560.640476,10231.00935,11984.89667,13828.72692,15769.60088,17815.38694,19974.82778,22257.66524,24674.78725,27238.40152,29962.24167,32861.81344,35954.69,39260.86839,42803.20238,46607.93148,50705.33205,55130.52467,59924.48333,65135.30797
53,0,0,0,0,0,0,0,0,0,0,0,0,0,0,0,0,0,0,0,0,0,0,0,0,0,0,0,0,0,0,0,0,0,0,0,0,0,0,0,0,0,0,0,0,0,0,0,0,0,0,0,0,0,0,1330.423312,2719.976548,4172.691296,5692.974171,7285.651469,8956.020343,10709.90766,12553.73792,14494.61187,16540.39793,18699.83877,20982.67623,23399.79825,25963.41251,28687.25266,31586.82443,34679.70099,37985.87938,41528.21337,45332.94247,49430.34304,53855.53566,58649.49433,63860.31896
54,0,0,0,0,0,0,0,0,0,0,0,0,0,0,0,0,0,0,0,0,0,0,0,0,0,0,0,0,0,0,0,0,0,0,0,0,0,0,0,0,0,0,0,0,0,0,0,0,0,0,0,0,0,0,0,1389.553237,2842.267984,4362.550859,5955.228157,7625.597031,9379.484348,11223.3146,13164.18856,15209.97462,17369.41546,19652.25292,22069.37494,24632.9892,27356.82935,30256.40112,33349.27768,36655.45607,40197.79006,44002.51916,48099.91973,52525.11235,57319.07101,62529.89565
55,0,0,0,0,0,0,0,0,0,0,0,0,0,0,0,0,0,0,0,0,0,0,0,0,0,0,0,0,0,0,0,0,0,0,0,0,0,0,0,0,0,0,0,0,0,0,0,0,0,0,0,0,0,0,0,0,1452.714747,2972.997623,4565.674921,6236.043794,7989.931111,9833.761368,11774.63532,13820.42138,15979.86222,18262.69968,20679.8217,23243.43596,25967.27611,28866.84789,31959.72444,35265.90284,38808.23683,42612.96593,46710.3665,51135.55911,55929.51778,61140.34242
56,0,0,0,0,0,0,0,0,0,0,0,0,0,0,0,0,0,0,0,0,0,0,0,0,0,0,0,0,0,0,0,0,0,0,0,0,0,0,0,0,0,0,0,0,0,0,0,0,0,0,0,0,0,0,0,0,0,1520.282875,3112.960173,4783.329047,6537.216364,8381.04662,10321.92057,12367.70663,14527.14747,16809.98494,19227.10695,21790.72121,24514.56136,27414.13314,30507.0097,33813.18809,37355.52208,41160.25118,45257.65175,49682.84436,54476.80303,59687.62767
57,0,0,0,0,0,0,0,0,0,0,0,0,0,0,0,0,0,0,0,0,0,0,0,0,0,0,0,0,0,0,0,0,0,0,0,0,0,0,0,0,0,0,0,0,0,0,0,0,0,0,0,0,0,0,0,0,0,0,1592.677298,3263.046171,5016.933488,6860.763745,8801.637699,10847.42376,13006.8646,15289.70206,17706.82408,20270.43834,22994.27849,25893.85026,28986.72682,32292.90521,35835.2392,39639.9683,43737.36887,48162.56149,52956.52016,58167.34479
58,0,0,0,0,0,0,0,0,0,0,0,0,0,0,0,0,0,0,0,0,0,0,0,0,0,0,0,0,0,0,0,0,0,0,0,0,0,0,0,0,0,0,0,0,0,0,0,0,0,0,0,0,0,0,0,0,0,0,0,1670.368873,3424.25619,5268.086447,7208.960401,9254.746461,11414.1873,13697.02476,16114.14678,18677.76104,21401.60119,24301.17296,27394.04952,30700.22791,34242.5619,38047.29101,42144.69158,46569.88419,51363.84286,56574.66749
59,0,0,0,0,0,0,0,0,0,0,0,0,0,0,0,0,0,0,0,0,0,0,0,0,0,0,0,0,0,0,0,0,0,0,0,0,0,0,0,0,0,0,0,0,0,0,0,0,0,0,0,0,0,0,0,0,0,0,0,0,1753.887317,3597.717573,5538.591528,7584.377587,9743.818428,12026.65589,14443.77791,17007.39217,19731.23232,22630.80409,25723.68065,29029.85904,32572.19303,36376.92213,40474.3227,44899.51532,49693.47398,54904.29862
60,0,0,0,0,0,0,0,0,0,0,0,0,0,0,0,0,0,0,0,0,0,0,0,0,0,0,0,0,0,0,0,0,0,0,0,0,0,0,0,0,0,0,0,0,0,0,0,0,0,0,0,0,0,0,0,0,0,0,0,0,0,1843.830256,3784.704211,5830.49027,7989.931111,10272.76857,12689.89059,15253.50485,17977.345,20876.91677,23969.79333,27275.97172,30818.30571,34623.03481,38720.43538,43145.628,47939.58667,53150.4113
61,0,0,0,0,0,0,0,0,0,0,0,0,0,0,0,0,0,0,0,0,0,0,0,0,0,0,0,0,0,0,0,0,0,0,0,0,0,0,0,0,0,0,0,0,0,0,0,0,0,0,0,0,0,0,0,0,0,0,0,0,0,0,1940.873954,3986.660014,6146.100855,8428.938315,10846.06033,13409.67459,16133.51474,19033.08652,22125.96308,25432.14147,28974.47546,32779.20456,36876.60513,41301.79774,46095.75641,51306.58105
62,0,0,0,0,0,0,0,0,0,0,0,0,0,0,0,0,0,0,0,0,0,0,0,0,0,0,0,0,0,0,0,0,0,0,0,0,0,0,0,0,0,0,0,0,0,0,0,0,0,0,0,0,0,0,0,0,0,0,0,0,0,0,0,2045.78606,4205.226901,6488.064361,8905.186378,11468.80064,14192.64079,17092.21256,20185.08912,23491.26751,27033.6015,30838.3306,34935.73117,39360.92379,44154.88246,49365.70709
63,0,0,0,0,0,0,0,0,0,0,0,0,0,0,0,0,0,0,0,0,0,0,0,0,0,0,0,0,0,0,0,0,0,0,0,0,0,0,0,0,0,0,0,0,0,0,0,0,0,0,0,0,0,0,0,0,0,0,0,0,0,0,0,0,2159.440841,4442.278301,6859.400318,9423.014578,12146.85473,15046.4265,18139.30306,21445.48145,24987.81544,28792.54454,32889.94511,37315.13773,42109.0964,47319.92103
64,0,0,0,0,0,0,0,0,0,0,0,0,0,0,0,0,0,0,0,0,0,0,0,0,0,0,0,0,0,0,0,0,0,0,0,0,0,0,0,0,0,0,0,0,0,0,0,0,0,0,0,0,0,0,0,0,0,0,0,0,0,0,0,0,0,2282.83746,4699.959477,7263.573737,9987.413889,12886.98566,15979.86222,19286.04061,22828.3746,26633.1037,30730.50427,35155.69689,39949.65556,45160.48019
65,0,0,0,0,0,0,0,0,0,0,0,0,0,0,0,0,0,0,0,0,0,0,0,0,0,0,0,0,0,0,0,0,0,0,0,0,0,0,0,0,0,0,0,0,0,0,0,0,0,0,0,0,0,0,0,0,0,0,0,0,0,0,0,0,0,0,2417.122017,4980.736277,7704.576429,10604.1482,13697.02476,17003.20315,20545.53714,24350.26624,28447.66681,32872.85943,37666.8181,42877.64273
66,0,0,0,0,0,0,0,0,0,0,0,0,0,0,0,0,0,0,0,0,0,0,0,0,0,0,0,0,0,0,0,0,0,0,0,0,0,0,0,0,0,0,0,0,0,0,0,0,0,0,0,0,0,0,0,0,0,0,0,0,0,0,0,0,0,0,0,2563.61426,5287.454412,8187.026186,11279.90275,14586.08114,18128.41513,21933.14423,26030.5448,30455.73741,35249.69608,40460.52072
67,0,0,0,0,0,0,0,0,0,0,0,0,0,0,0,0,0,0,0,0,0,0,0,0,0,0,0,0,0,0,0,0,0,0,0,0,0,0,0,0,0,0,0,0,0,0,0,0,0,0,0,0,0,0,0,0,0,0,0,0,0,0,0,0,0,0,0,0,2723.840152,5623.411926,8716.288485,12022.46688,15564.80087,19369.52997,23466.93054,27892.12315,32686.08182,37896.90646
68,0,0,0,0,0,0,0,0,0,0,0,0,0,0,0,0,0,0,0,0,0,0,0,0,0,0,0,0,0,0,0,0,0,0,0,0,0,0,0,0,0,0,0,0,0,0,0,0,0,0,0,0,0,0,0,0,0,0,0,0,0,0,0,0,0,0,0,0,0,2899.571774,5992.448333,9298.626724,12840.96071,16645.68981,20743.09038,25168.283,29962.24167,35173.0663
69,0,0,0,0,0,0,0,0,0,0,0,0,0,0,0,0,0,0,0,0,0,0,0,0,0,0,0,0,0,0,0,0,0,0,0,0,0,0,0,0,0,0,0,0,0,0,0,0,0,0,0,0,0,0,0,0,0,0,0,0,0,0,0,0,0,0,0,0,0,0,3092.876559,6399.05495,9941.38894,13746.11804,17843.51861,22268.71123,27062.66989,32273.49453
70,0,0,0,0,0,0,0,0,0,0,0,0,0,0,0,0,0,0,0,0,0,0,0,0,0,0,0,0,0,0,0,0,0,0,0,0,0,0,0,0,0,0,0,0,0,0,0,0,0,0,0,0,0,0,0,0,0,0,0,0,0,0,0,0,0,0,0,0,0,0,0,3306.178391,6848.512381,10653.24148,14750.64205,19175.83467,23969.79333,29180.61797
71,0,0,0,0,0,0,0,0,0,0,0,0,0,0,0,0,0,0,0,0,0,0,0,0,0,0,0,0,0,0,0,0,0,0,0,0,0,0,0,0,0,0,0,0,0,0,0,0,0,0,0,0,0,0,0,0,0,0,0,0,0,0,0,0,0,0,0,0,0,0,0,0,3542.33399,7347.063091,11444.46366,15869.65628,20663.61494,25874.43958
72,0,0,0,0,0,0,0,0,0,0,0,0,0,0,0,0,0,0,0,0,0,0,0,0,0,0,0,0,0,0,0,0,0,0,0,0,0,0,0,0,0,0,0,0,0,0,0,0,0,0,0,0,0,0,0,0,0,0,0,0,0,0,0,0,0,0,0,0,0,0,0,0,0,3804.729101,7902.12967,12327.32229,17121.28095,22332.10559
73,0,0,0,0,0,0,0,0,0,0,0,0,0,0,0,0,0,0,0,0,0,0,0,0,0,0,0,0,0,0,0,0,0,0,0,0,0,0,0,0,0,0,0,0,0,0,0,0,0,0,0,0,0,0,0,0,0,0,0,0,0,0,0,0,0,0,0,0,0,0,0,0,0,0,4097.40057,8522.593185,13316.55185,18527.37649
74,0,0,0,0,0,0,0,0,0,0,0,0,0,0,0,0,0,0,0,0,0,0,0,0,0,0,0,0,0,0,0,0,0,0,0,0,0,0,0,0,0,0,0,0,0,0,0,0,0,0,0,0,0,0,0,0,0,0,0,0,0,0,0,0,0,0,0,0,0,0,0,0,0,0,0,4425.192615,9219.151282,14429.97592
75,0,0,0,0,0,0,0,0,0,0,0,0,0,0,0,0,0,0,0,0,0,0,0,0,0,0,0,0,0,0,0,0,0,0,0,0,0,0,0,0,0,0,0,0,0,0,0,0,0,0,0,0,0,0,0,0,0,0,0,0,0,0,0,0,0,0,0,0,0,0,0,0,0,0,0,0,4793.958667,10004.7833
76,0,0,0,0,0,0,0,0,0,0,0,0,0,0,0,0,0,0,0,0,0,0,0,0,0,0,0,0,0,0,0,0,0,0,0,0,0,0,0,0,0,0,0,0,0,0,0,0,0,0,0,0,0,0,0,0,0,0,0,0,0,0,0,0,0,0,0,0,0,0,0,0,0,0,0,0,0,5210.824638
77,0,0,0,0,0,0,0,0,0,0,0,0,0,0,0,0,0,0,0,0,0,0,0,0,0,0,0,0,0,0,0,0,0,0,0,0,0,0,0,0,0,0,0,0,0,0,0,0,0,0,0,0,0,0,0,0,0,0,0,0,0,0,0,0,0,0,0,0,0,0,0,0,0,0,0,0,0,0