converter_id;value_type;year;value
417;electricity_output_slot_conversion;2007;0.159016393442623
417;electricity_output_slot_conversion;2008;0.159016393442623
417;electricity_output_slot_conversion;2009;0.159016393442623
417;electricity_output_slot_conversion;2010;0.159016393442623
417;electricity_output_slot_conversion;2011;0.161734055856607
417;electricity_output_slot_conversion;2012;0.164546225614928
417;electricity_output_slot_conversion;2013;0.167457919723781
417;electricity_output_slot_conversion;2014;0.170474516695958
417;electricity_output_slot_conversion;2015;0.173601789709172
417;electricity_output_slot_conversion;2016;0.176845943482224
417;electricity_output_slot_conversion;2017;0.180213655364608
417;electricity_output_slot_conversion;2018;0.183712121212121
417;electricity_output_slot_conversion;2019;0.187349106711733
417;electricity_output_slot_conversion;2020;0.191133004926108
417;electricity_output_slot_conversion;2021;0.195072900955254
417;electricity_output_slot_conversion;2022;0.19917864476386
417;electricity_output_slot_conversion;2023;0.203460933403251
417;electricity_output_slot_conversion;2024;0.207931404072883
417;electricity_output_slot_conversion;2025;0.212602739726027
417;electricity_output_slot_conversion;2026;0.217488789237668
417;electricity_output_slot_conversion;2027;0.222604704532415
417;electricity_output_slot_conversion;2028;0.227967097532315
417;electricity_output_slot_conversion;2029;0.233594220349187
417;electricity_output_slot_conversion;2030;0.239506172839506
417;electricity_output_slot_conversion;2031;0.24572514249525
417;electricity_output_slot_conversion;2032;0.252275682704811
417;electricity_output_slot_conversion;2033;0.259185036740147
417;electricity_output_slot_conversion;2034;0.266483516483517
417;electricity_output_slot_conversion;2035;0.274204946996467
417;electricity_output_slot_conversion;2036;0.282387190684134
417;electricity_output_slot_conversion;2037;0.291072768192048
417;electricity_output_slot_conversion;2038;0.30030959752322
417;electricity_output_slot_conversion;2039;0.310151878497202
417;electricity_output_slot_conversion;2040;0.320661157024794
417;electricity_output_slot_conversion;2041;0.331907613344739
417;electricity_output_slot_conversion;2042;0.343971631205674
417;electricity_output_slot_conversion;2043;0.356945722171113
417;electricity_output_slot_conversion;2044;0.37093690248566
417;electricity_output_slot_conversion;2045;0.386069651741294
417;electricity_output_slot_conversion;2046;0.402489626556017
417;electricity_output_slot_conversion;2047;0.420368364030336
417;electricity_output_slot_conversion;2048;0.439909297052155
417;electricity_output_slot_conversion;2049;0.461355529131986
417;electricity_output_slot_conversion;2050;0.485
417;useable_heat_output_slot_conversion;2007;0.810983606557377
417;useable_heat_output_slot_conversion;2008;0.810983606557377
417;useable_heat_output_slot_conversion;2009;0.810983606557377
417;useable_heat_output_slot_conversion;2010;0.810983606557377
417;useable_heat_output_slot_conversion;2011;0.808265944143393
417;useable_heat_output_slot_conversion;2012;0.805453774385072
417;useable_heat_output_slot_conversion;2013;0.802542080276219
417;useable_heat_output_slot_conversion;2014;0.799525483304042
417;useable_heat_output_slot_conversion;2015;0.796398210290828
417;useable_heat_output_slot_conversion;2016;0.793154056517776
417;useable_heat_output_slot_conversion;2017;0.789786344635392
417;useable_heat_output_slot_conversion;2018;0.786287878787879
417;useable_heat_output_slot_conversion;2019;0.782650893288267
417;useable_heat_output_slot_conversion;2020;0.778866995073892
417;useable_heat_output_slot_conversion;2021;0.774927099044746
417;useable_heat_output_slot_conversion;2022;0.77082135523614
417;useable_heat_output_slot_conversion;2023;0.766539066596749
417;useable_heat_output_slot_conversion;2024;0.762068595927117
417;useable_heat_output_slot_conversion;2025;0.757397260273973
417;useable_heat_output_slot_conversion;2026;0.752511210762332
417;useable_heat_output_slot_conversion;2027;0.747395295467585
417;useable_heat_output_slot_conversion;2028;0.742032902467685
417;useable_heat_output_slot_conversion;2029;0.736405779650813
417;useable_heat_output_slot_conversion;2030;0.730493827160494
417;useable_heat_output_slot_conversion;2031;0.72427485750475
417;useable_heat_output_slot_conversion;2032;0.717724317295188
417;useable_heat_output_slot_conversion;2033;0.710814963259853
417;useable_heat_output_slot_conversion;2034;0.703516483516483
417;useable_heat_output_slot_conversion;2035;0.695795053003534
417;useable_heat_output_slot_conversion;2036;0.687612809315866
417;useable_heat_output_slot_conversion;2037;0.678927231807952
417;useable_heat_output_slot_conversion;2038;0.66969040247678
417;useable_heat_output_slot_conversion;2039;0.659848121502798
417;useable_heat_output_slot_conversion;2040;0.649338842975206
417;useable_heat_output_slot_conversion;2041;0.638092386655261
417;useable_heat_output_slot_conversion;2042;0.626028368794326
417;useable_heat_output_slot_conversion;2043;0.613054277828887
417;useable_heat_output_slot_conversion;2044;0.59906309751434
417;useable_heat_output_slot_conversion;2045;0.583930348258706
417;useable_heat_output_slot_conversion;2046;0.567510373443983
417;useable_heat_output_slot_conversion;2047;0.549631635969664
417;useable_heat_output_slot_conversion;2048;0.530090702947845
417;useable_heat_output_slot_conversion;2049;0.508644470868014
417;useable_heat_output_slot_conversion;2050;0.485
417;link_to_national_gas_network;2007;0.163934426229508
417;link_to_national_gas_network;2008;0.163934426229508
417;link_to_national_gas_network;2009;0.163934426229508
417;link_to_national_gas_network;2010;0.163934426229508
417;link_to_national_gas_network;2011;0.166736140058358
417;link_to_national_gas_network;2012;0.169635284139101
417;link_to_national_gas_network;2013;0.172637030643073
417;link_to_national_gas_network;2014;0.175746924428823
417;link_to_national_gas_network;2015;0.178970917225951
417;link_to_national_gas_network;2016;0.182315405651778
417;link_to_national_gas_network;2017;0.18578727357176
417;link_to_national_gas_network;2018;0.189393939393939
417;link_to_national_gas_network;2019;0.193143408981169
417;link_to_national_gas_network;2020;0.197044334975369
417;link_to_national_gas_network;2021;0.201106083459025
417;link_to_national_gas_network;2022;0.205338809034908
417;link_to_national_gas_network;2023;0.209753539590981
417;link_to_national_gas_network;2024;0.214362272240086
417;link_to_national_gas_network;2025;0.219178082191781
417;link_to_national_gas_network;2026;0.224215246636771
417;link_to_national_gas_network;2027;0.229489386115892
417;link_to_national_gas_network;2028;0.235017626321974
417;link_to_national_gas_network;2029;0.240818783865142
417;link_to_national_gas_network;2030;0.246913580246914
417;link_to_national_gas_network;2031;0.253324889170361
417;link_to_national_gas_network;2032;0.260078023407022
417;link_to_national_gas_network;2033;0.267201068804275
417;link_to_national_gas_network;2034;0.274725274725275
417;link_to_national_gas_network;2035;0.282685512367491
417;link_to_national_gas_network;2036;0.291120815138283
417;link_to_national_gas_network;2037;0.300075018754689
417;link_to_national_gas_network;2038;0.309597523219814
417;link_to_national_gas_network;2039;0.319744204636291
417;link_to_national_gas_network;2040;0.330578512396694
417;link_to_national_gas_network;2041;0.342172797262618
417;link_to_national_gas_network;2042;0.354609929078014
417;link_to_national_gas_network;2043;0.367985280588777
417;link_to_national_gas_network;2044;0.382409177820268
417;link_to_national_gas_network;2045;0.398009950248756
417;link_to_national_gas_network;2046;0.4149377593361
417;link_to_national_gas_network;2047;0.433369447453955
417;link_to_national_gas_network;2048;0.453514739229025
417;link_to_national_gas_network;2049;0.475624256837099
417;link_to_national_gas_network;2050;0.5
417;loss_output_slot_conversion;2007;0.03
417;loss_output_slot_conversion;2008;0.03
417;loss_output_slot_conversion;2009;0.03
417;loss_output_slot_conversion;2010;0.03
417;loss_output_slot_conversion;2011;0.03
417;loss_output_slot_conversion;2012;0.03
417;loss_output_slot_conversion;2013;0.03
417;loss_output_slot_conversion;2014;0.03
417;loss_output_slot_conversion;2015;0.03
417;loss_output_slot_conversion;2016;0.03
417;loss_output_slot_conversion;2017;0.03
417;loss_output_slot_conversion;2018;0.03
417;loss_output_slot_conversion;2019;0.03
417;loss_output_slot_conversion;2020;0.03
417;loss_output_slot_conversion;2021;0.03
417;loss_output_slot_conversion;2022;0.03
417;loss_output_slot_conversion;2023;0.03
417;loss_output_slot_conversion;2024;0.03
417;loss_output_slot_conversion;2025;0.03
417;loss_output_slot_conversion;2026;0.03
417;loss_output_slot_conversion;2027;0.03
417;loss_output_slot_conversion;2028;0.03
417;loss_output_slot_conversion;2029;0.03
417;loss_output_slot_conversion;2030;0.03
417;loss_output_slot_conversion;2031;0.03
417;loss_output_slot_conversion;2032;0.03
417;loss_output_slot_conversion;2033;0.03
417;loss_output_slot_conversion;2034;0.03
417;loss_output_slot_conversion;2035;0.03
417;loss_output_slot_conversion;2036;0.03
417;loss_output_slot_conversion;2037;0.03
417;loss_output_slot_conversion;2038;0.03
417;loss_output_slot_conversion;2039;0.03
417;loss_output_slot_conversion;2040;0.03
417;loss_output_slot_conversion;2041;0.03
417;loss_output_slot_conversion;2042;0.03
417;loss_output_slot_conversion;2043;0.03
417;loss_output_slot_conversion;2044;0.03
417;loss_output_slot_conversion;2045;0.03
417;loss_output_slot_conversion;2046;0.03
417;loss_output_slot_conversion;2047;0.03
417;loss_output_slot_conversion;2048;0.03
417;loss_output_slot_conversion;2049;0.03
417;loss_output_slot_conversion;2050;0.03
376;electricity_output_slot_conversion;2007;0.159016393442623
376;electricity_output_slot_conversion;2008;0.159016393442623
376;electricity_output_slot_conversion;2009;0.159016393442623
376;electricity_output_slot_conversion;2010;0.159016393442623
376;electricity_output_slot_conversion;2011;0.161734055856607
376;electricity_output_slot_conversion;2012;0.164546225614928
376;electricity_output_slot_conversion;2013;0.167457919723781
376;electricity_output_slot_conversion;2014;0.170474516695958
376;electricity_output_slot_conversion;2015;0.173601789709172
376;electricity_output_slot_conversion;2016;0.176845943482224
376;electricity_output_slot_conversion;2017;0.180213655364608
376;electricity_output_slot_conversion;2018;0.183712121212121
376;electricity_output_slot_conversion;2019;0.187349106711733
376;electricity_output_slot_conversion;2020;0.191133004926108
376;electricity_output_slot_conversion;2021;0.195072900955254
376;electricity_output_slot_conversion;2022;0.19917864476386
376;electricity_output_slot_conversion;2023;0.203460933403251
376;electricity_output_slot_conversion;2024;0.207931404072883
376;electricity_output_slot_conversion;2025;0.212602739726027
376;electricity_output_slot_conversion;2026;0.217488789237668
376;electricity_output_slot_conversion;2027;0.222604704532415
376;electricity_output_slot_conversion;2028;0.227967097532315
376;electricity_output_slot_conversion;2029;0.233594220349187
376;electricity_output_slot_conversion;2030;0.239506172839506
376;electricity_output_slot_conversion;2031;0.24572514249525
376;electricity_output_slot_conversion;2032;0.252275682704811
376;electricity_output_slot_conversion;2033;0.259185036740147
376;electricity_output_slot_conversion;2034;0.266483516483517
376;electricity_output_slot_conversion;2035;0.274204946996467
376;electricity_output_slot_conversion;2036;0.282387190684134
376;electricity_output_slot_conversion;2037;0.291072768192048
376;electricity_output_slot_conversion;2038;0.30030959752322
376;electricity_output_slot_conversion;2039;0.310151878497202
376;electricity_output_slot_conversion;2040;0.320661157024794
376;electricity_output_slot_conversion;2041;0.331907613344739
376;electricity_output_slot_conversion;2042;0.343971631205674
376;electricity_output_slot_conversion;2043;0.356945722171113
376;electricity_output_slot_conversion;2044;0.37093690248566
376;electricity_output_slot_conversion;2045;0.386069651741294
376;electricity_output_slot_conversion;2046;0.402489626556017
376;electricity_output_slot_conversion;2047;0.420368364030336
376;electricity_output_slot_conversion;2048;0.439909297052155
376;electricity_output_slot_conversion;2049;0.461355529131986
376;electricity_output_slot_conversion;2050;0.485
376;hot_water_output_slot_conversion;2007;0.810983606557377
376;hot_water_output_slot_conversion;2008;0.810983606557377
376;hot_water_output_slot_conversion;2009;0.810983606557377
376;hot_water_output_slot_conversion;2010;0.810983606557377
376;hot_water_output_slot_conversion;2011;0.808265944143393
376;hot_water_output_slot_conversion;2012;0.805453774385072
376;hot_water_output_slot_conversion;2013;0.802542080276219
376;hot_water_output_slot_conversion;2014;0.799525483304042
376;hot_water_output_slot_conversion;2015;0.796398210290828
376;hot_water_output_slot_conversion;2016;0.793154056517776
376;hot_water_output_slot_conversion;2017;0.789786344635392
376;hot_water_output_slot_conversion;2018;0.786287878787879
376;hot_water_output_slot_conversion;2019;0.782650893288267
376;hot_water_output_slot_conversion;2020;0.778866995073892
376;hot_water_output_slot_conversion;2021;0.774927099044746
376;hot_water_output_slot_conversion;2022;0.77082135523614
376;hot_water_output_slot_conversion;2023;0.766539066596749
376;hot_water_output_slot_conversion;2024;0.762068595927117
376;hot_water_output_slot_conversion;2025;0.757397260273973
376;hot_water_output_slot_conversion;2026;0.752511210762332
376;hot_water_output_slot_conversion;2027;0.747395295467585
376;hot_water_output_slot_conversion;2028;0.742032902467685
376;hot_water_output_slot_conversion;2029;0.736405779650813
376;hot_water_output_slot_conversion;2030;0.730493827160494
376;hot_water_output_slot_conversion;2031;0.72427485750475
376;hot_water_output_slot_conversion;2032;0.717724317295188
376;hot_water_output_slot_conversion;2033;0.710814963259853
376;hot_water_output_slot_conversion;2034;0.703516483516483
376;hot_water_output_slot_conversion;2035;0.695795053003534
376;hot_water_output_slot_conversion;2036;0.687612809315866
376;hot_water_output_slot_conversion;2037;0.678927231807952
376;hot_water_output_slot_conversion;2038;0.66969040247678
376;hot_water_output_slot_conversion;2039;0.659848121502798
376;hot_water_output_slot_conversion;2040;0.649338842975206
376;hot_water_output_slot_conversion;2041;0.638092386655261
376;hot_water_output_slot_conversion;2042;0.626028368794326
376;hot_water_output_slot_conversion;2043;0.613054277828887
376;hot_water_output_slot_conversion;2044;0.59906309751434
376;hot_water_output_slot_conversion;2045;0.583930348258706
376;hot_water_output_slot_conversion;2046;0.567510373443983
376;hot_water_output_slot_conversion;2047;0.549631635969664
376;hot_water_output_slot_conversion;2048;0.530090702947845
376;hot_water_output_slot_conversion;2049;0.508644470868014
376;hot_water_output_slot_conversion;2050;0.485
376;link_to_national_gas_network;2007;0.163934426229508
376;link_to_national_gas_network;2008;0.163934426229508
376;link_to_national_gas_network;2009;0.163934426229508
376;link_to_national_gas_network;2010;0.163934426229508
376;link_to_national_gas_network;2011;0.166736140058358
376;link_to_national_gas_network;2012;0.169635284139101
376;link_to_national_gas_network;2013;0.172637030643073
376;link_to_national_gas_network;2014;0.175746924428823
376;link_to_national_gas_network;2015;0.178970917225951
376;link_to_national_gas_network;2016;0.182315405651778
376;link_to_national_gas_network;2017;0.18578727357176
376;link_to_national_gas_network;2018;0.189393939393939
376;link_to_national_gas_network;2019;0.193143408981169
376;link_to_national_gas_network;2020;0.197044334975369
376;link_to_national_gas_network;2021;0.201106083459025
376;link_to_national_gas_network;2022;0.205338809034908
376;link_to_national_gas_network;2023;0.209753539590981
376;link_to_national_gas_network;2024;0.214362272240086
376;link_to_national_gas_network;2025;0.219178082191781
376;link_to_national_gas_network;2026;0.224215246636771
376;link_to_national_gas_network;2027;0.229489386115892
376;link_to_national_gas_network;2028;0.235017626321974
376;link_to_national_gas_network;2029;0.240818783865142
376;link_to_national_gas_network;2030;0.246913580246914
376;link_to_national_gas_network;2031;0.253324889170361
376;link_to_national_gas_network;2032;0.260078023407022
376;link_to_national_gas_network;2033;0.267201068804275
376;link_to_national_gas_network;2034;0.274725274725275
376;link_to_national_gas_network;2035;0.282685512367491
376;link_to_national_gas_network;2036;0.291120815138283
376;link_to_national_gas_network;2037;0.300075018754689
376;link_to_national_gas_network;2038;0.309597523219814
376;link_to_national_gas_network;2039;0.319744204636291
376;link_to_national_gas_network;2040;0.330578512396694
376;link_to_national_gas_network;2041;0.342172797262618
376;link_to_national_gas_network;2042;0.354609929078014
376;link_to_national_gas_network;2043;0.367985280588777
376;link_to_national_gas_network;2044;0.382409177820268
376;link_to_national_gas_network;2045;0.398009950248756
376;link_to_national_gas_network;2046;0.4149377593361
376;link_to_national_gas_network;2047;0.433369447453955
376;link_to_national_gas_network;2048;0.453514739229025
376;link_to_national_gas_network;2049;0.475624256837099
376;link_to_national_gas_network;2050;0.5
376;loss_output_slot_conversion;2007;0.03
376;loss_output_slot_conversion;2008;0.03
376;loss_output_slot_conversion;2009;0.03
376;loss_output_slot_conversion;2010;0.03
376;loss_output_slot_conversion;2011;0.03
376;loss_output_slot_conversion;2012;0.03
376;loss_output_slot_conversion;2013;0.03
376;loss_output_slot_conversion;2014;0.03
376;loss_output_slot_conversion;2015;0.03
376;loss_output_slot_conversion;2016;0.03
376;loss_output_slot_conversion;2017;0.03
376;loss_output_slot_conversion;2018;0.03
376;loss_output_slot_conversion;2019;0.03
376;loss_output_slot_conversion;2020;0.03
376;loss_output_slot_conversion;2021;0.03
376;loss_output_slot_conversion;2022;0.03
376;loss_output_slot_conversion;2023;0.03
376;loss_output_slot_conversion;2024;0.03
376;loss_output_slot_conversion;2025;0.03
376;loss_output_slot_conversion;2026;0.03
376;loss_output_slot_conversion;2027;0.03
376;loss_output_slot_conversion;2028;0.03
376;loss_output_slot_conversion;2029;0.03
376;loss_output_slot_conversion;2030;0.03
376;loss_output_slot_conversion;2031;0.03
376;loss_output_slot_conversion;2032;0.03
376;loss_output_slot_conversion;2033;0.03
376;loss_output_slot_conversion;2034;0.03
376;loss_output_slot_conversion;2035;0.03
376;loss_output_slot_conversion;2036;0.03
376;loss_output_slot_conversion;2037;0.03
376;loss_output_slot_conversion;2038;0.03
376;loss_output_slot_conversion;2039;0.03
376;loss_output_slot_conversion;2040;0.03
376;loss_output_slot_conversion;2041;0.03
376;loss_output_slot_conversion;2042;0.03
376;loss_output_slot_conversion;2043;0.03
376;loss_output_slot_conversion;2044;0.03
376;loss_output_slot_conversion;2045;0.03
376;loss_output_slot_conversion;2046;0.03
376;loss_output_slot_conversion;2047;0.03
376;loss_output_slot_conversion;2048;0.03
376;loss_output_slot_conversion;2049;0.03
376;loss_output_slot_conversion;2050;0.03
100;preset_demand;2008;0
100;preset_demand;2009;0
100;preset_demand;2010;0
100;preset_demand;2011;0
100;preset_demand;2012;0
100;preset_demand;2013;0
100;preset_demand;2014;0
100;preset_demand;2015;0
100;preset_demand;2016;0
100;preset_demand;2017;0
100;preset_demand;2018;0
100;preset_demand;2019;0
100;preset_demand;2020;0
100;preset_demand;2021;0
100;preset_demand;2022;0
100;preset_demand;2023;0
100;preset_demand;2024;0
100;preset_demand;2025;0
100;preset_demand;2026;0
100;preset_demand;2027;0
100;preset_demand;2028;0
100;preset_demand;2029;0
100;preset_demand;2030;0
100;preset_demand;2031;0
100;preset_demand;2032;0
100;preset_demand;2033;0
100;preset_demand;2034;0
100;preset_demand;2035;0
100;preset_demand;2036;0
100;preset_demand;2037;0
100;preset_demand;2038;0
100;preset_demand;2039;0
100;preset_demand;2040;0
100;preset_demand;2041;0
100;preset_demand;2042;0
100;preset_demand;2043;0
100;preset_demand;2044;0
100;preset_demand;2045;0
100;preset_demand;2046;0
100;preset_demand;2047;0
100;preset_demand;2048;0
100;preset_demand;2049;0
100;preset_demand;2050;0
101;preset_demand;2008;125604000000
101;preset_demand;2009;129790800000
101;preset_demand;2010;138164400000
101;preset_demand;2011;143583774458.572
101;preset_demand;2012;149215719011.338
101;preset_demand;2013;155068571529.262
101;preset_demand;2014;161150996928.808
101;preset_demand;2015;167472000000
101;preset_demand;2016;170756469368.832
101;preset_demand;2017;174105353917.722
101;preset_demand;2018;177519916960.453
101;preset_demand;2019;181001446586.983
101;preset_demand;2020;184551256149.352
101;preset_demand;2021;188170684757.131
101;preset_demand;2022;191861097782.573
101;preset_demand;2023;195623887375.683
101;preset_demand;2024;199460472989.381
101;preset_demand;2025;203372301914.97
101;preset_demand;2026;207360849828.105
101;preset_demand;2027;211427621345.465
101;preset_demand;2028;215574150592.348
101;preset_demand;2029;219802001781.397
101;preset_demand;2030;224112769802.672
101;preset_demand;2031;228508080825.296
101;preset_demand;2032;232989592910.905
101;preset_demand;2033;237558996639.125
101;preset_demand;2034;242218015745.313
101;preset_demand;2035;246968407770.814
101;preset_demand;2036;251811964725.961
101;preset_demand;2037;256750513766.085
101;preset_demand;2038;261785917880.782
101;preset_demand;2039;266920076596.692
101;preset_demand;2040;272154926694.069
101;preset_demand;2041;277492442937.401
101;preset_demand;2042;282934638820.355
101;preset_demand;2043;288483567325.341
101;preset_demand;2044;294141321697.96
101;preset_demand;2045;299910036236.657
101;preset_demand;2046;305791887097.842
101;preset_demand;2047;311789093116.819
101;preset_demand;2048;317903916644.799
101;preset_demand;2049;324138664402.344
101;preset_demand;2050;330495688349.532
102;preset_demand;2007;393559200000
102;preset_demand;2008;380161440000
102;preset_demand;2009;372625200000
102;preset_demand;2010;368438400000
102;preset_demand;2011;365891346513.929
102;preset_demand;2012;363361901077.021
102;preset_demand;2013;360849941962.977
102;preset_demand;2014;358355348287.005
102;preset_demand;2015;355878000000
102;preset_demand;2016;343422270000
102;preset_demand;2017;331402490550
102;preset_demand;2018;319803403380.75
102;preset_demand;2019;308610284262.424
102;preset_demand;2020;297808924313.239
102;preset_demand;2021;287385611962.276
102;preset_demand;2022;277327115543.596
102;preset_demand;2023;267620666499.57
102;preset_demand;2024;258253943172.085
102;preset_demand;2025;249215055161.062
102;preset_demand;2026;240492528230.425
102;preset_demand;2027;232075289742.36
102;preset_demand;2028;223952654601.377
102;preset_demand;2029;216114311690.329
102;preset_demand;2030;208550310781.168
102;preset_demand;2031;201251049903.827
102;preset_demand;2032;194207263157.193
102;preset_demand;2033;187410008946.691
102;preset_demand;2034;180850658633.557
102;preset_demand;2035;174520885581.382
102;preset_demand;2036;168412654586.034
102;preset_demand;2037;162518211675.523
102;preset_demand;2038;156830074266.88
102;preset_demand;2039;151341021667.539
102;preset_demand;2040;146044085909.175
102;preset_demand;2041;140932542902.354
102;preset_demand;2042;135999903900.771
102;preset_demand;2043;131239907264.244
102;preset_demand;2044;126646510509.996
102;preset_demand;2045;122213882642.146
102;preset_demand;2046;117936396749.671
102;preset_demand;2047;113808622863.432
102;preset_demand;2048;109825321063.212
102;preset_demand;2049;105981434826
102;preset_demand;2050;102272084607.09
104;preset_demand;2007;226087200000
104;preset_demand;2008;226087200000
104;preset_demand;2009;217713600000
104;preset_demand;2010;217713600000
104;preset_demand;2011;216869723431.999
104;preset_demand;2012;216029117801.882
104;preset_demand;2013;215191770431.213
104;preset_demand;2014;214357668690.699
104;preset_demand;2015;213526800000
104;preset_demand;2016;207120996000
104;preset_demand;2017;200907366120
104;preset_demand;2018;194880145136.4
104;preset_demand;2019;189033740782.308
104;preset_demand;2020;183362728558.839
104;preset_demand;2021;177861846702.074
104;preset_demand;2022;172525991301.011
104;preset_demand;2023;167350211561.981
104;preset_demand;2024;162329705215.122
104;preset_demand;2025;157459814058.668
104;preset_demand;2026;152736019636.908
104;preset_demand;2027;148153939047.801
104;preset_demand;2028;143709320876.367
104;preset_demand;2029;139398041250.076
104;preset_demand;2030;135216100012.573
104;preset_demand;2031;131159617012.196
104;preset_demand;2032;127224828501.83
104;preset_demand;2033;123408083646.775
104;preset_demand;2034;119705841137.372
104;preset_demand;2035;116114665903.251
104;preset_demand;2036;112631225926.153
104;preset_demand;2037;109252289148.369
104;preset_demand;2038;105974720473.918
104;preset_demand;2039;102795478859.7
104;preset_demand;2040;99711614493.9092
104;preset_demand;2041;96720266059.0919
104;preset_demand;2042;93818658077.3191
104;preset_demand;2043;91004098334.9996
104;preset_demand;2044;88273975384.9496
104;preset_demand;2045;85625756123.4011
104;preset_demand;2046;83056983439.699
104;preset_demand;2047;80565273936.5081
104;preset_demand;2048;78148315718.4128
104;preset_demand;2049;75803866246.8604
104;preset_demand;2050;73529750259.4546
106;preset_demand;2007;43961400000
106;preset_demand;2008;43961400000
106;preset_demand;2009;45217440000
106;preset_demand;2010;46892160000
106;preset_demand;2011;49713562433.3997
106;preset_demand;2012;52704722704.5956
106;preset_demand;2013;55875854784.8923
106;preset_demand;2014;59237787198.7197
106;preset_demand;2015;62802000000
106;preset_demand;2016;63746665993.3258
106;preset_demand;2017;64705541627.0921
106;preset_demand;2018;65678840642.328
106;preset_demand;2019;66666779995.1491
106;preset_demand;2020;67669579905.1193
106;preset_demand;2021;68687463904.3392
106;preset_demand;2022;69720658887.2733
106;preset_demand;2023;70769395161.3262
106;preset_demand;2024;71833906498.1808
106;preset_demand;2025;72914430185.9069
106;preset_demand;2026;74011207081.8554
106;preset_demand;2027;75124481666.3467
106;preset_demand;2028;76254502097.1678
106;preset_demand;2029;77401520264.8883
106;preset_demand;2030;78565791849.0092
106;preset_demand;2031;79747576374.9554
106;preset_demand;2032;80947137271.9263
106;preset_demand;2033;82164741931.6166
106;preset_demand;2034;83400661767.819
106;preset_demand;2035;84655172276.9259
106;preset_demand;2036;85928553099.3384
106;preset_demand;2037;87221088081.8013
106;preset_demand;2038;88533065340.6744
106;preset_demand;2039;89864777326.1562
106;preset_demand;2040;91216520887.473
106;preset_demand;2041;92588597339.0492
106;preset_demand;2042;93981312527.6727
106;preset_demand;2043;95394976900.6706
106;preset_demand;2044;96829905575.1104
106;preset_demand;2045;98286418408.0417
106;preset_demand;2046;99764840067.7957
106;preset_demand;2047;101265500106.355
106;preset_demand;2048;102788733032.816
106;preset_demand;2049;104334878387.951
106;preset_demand;2050;105904280819.894
133;preset_demand;2008;0
133;preset_demand;2009;0
133;preset_demand;2010;0
133;preset_demand;2011;0
133;preset_demand;2012;0
133;preset_demand;2013;0
133;preset_demand;2014;0
133;preset_demand;2015;0
133;preset_demand;2016;0
133;preset_demand;2017;0
133;preset_demand;2018;0
133;preset_demand;2019;0
133;preset_demand;2020;0
133;preset_demand;2021;0
133;preset_demand;2022;0
133;preset_demand;2023;0
133;preset_demand;2024;0
133;preset_demand;2025;0
133;preset_demand;2026;0
133;preset_demand;2027;0
133;preset_demand;2028;0
133;preset_demand;2029;0
133;preset_demand;2030;0
133;preset_demand;2031;0
133;preset_demand;2032;0
133;preset_demand;2033;0
133;preset_demand;2034;0
133;preset_demand;2035;0
133;preset_demand;2036;0
133;preset_demand;2037;0
133;preset_demand;2038;0
133;preset_demand;2039;0
133;preset_demand;2040;0
133;preset_demand;2041;0
133;preset_demand;2042;0
133;preset_demand;2043;0
133;preset_demand;2044;0
133;preset_demand;2045;0
133;preset_demand;2046;0
133;preset_demand;2047;0
133;preset_demand;2048;0
133;preset_demand;2049;0
133;preset_demand;2050;0
240;preset_demand;2007;27023000000
240;preset_demand;2008;54046000000
240;preset_demand;2009;54046000000
240;preset_demand;2010;54046000000
240;preset_demand;2011;54046000000
240;preset_demand;2012;54046000000
240;preset_demand;2013;54046000000
240;preset_demand;2014;54046000000
240;preset_demand;2015;108092000000
240;preset_demand;2016;108092000000
240;preset_demand;2017;108092000000
240;preset_demand;2018;108092000000
240;preset_demand;2019;108092000000
240;preset_demand;2020;108092000000
240;preset_demand;2021;108092000000
240;preset_demand;2022;108092000000
240;preset_demand;2023;108092000000
240;preset_demand;2024;108092000000
240;preset_demand;2025;108092000000
240;preset_demand;2026;108092000000
240;preset_demand;2027;108092000000
240;preset_demand;2028;108092000000
240;preset_demand;2029;108092000000
240;preset_demand;2030;162138000000
240;preset_demand;2031;162138000000
240;preset_demand;2032;162138000000
240;preset_demand;2033;162138000000
240;preset_demand;2034;162138000000
240;preset_demand;2035;162138000000
240;preset_demand;2036;162138000000
240;preset_demand;2037;162138000000
240;preset_demand;2038;162138000000
240;preset_demand;2039;162138000000
240;preset_demand;2040;162138000000
240;preset_demand;2041;216184000000
240;preset_demand;2042;216184000000
240;preset_demand;2043;216184000000
240;preset_demand;2044;216184000000
240;preset_demand;2045;216184000000
240;preset_demand;2046;216184000000
240;preset_demand;2047;216184000000
240;preset_demand;2048;216184000000
240;preset_demand;2049;216184000000
240;preset_demand;2050;216184000000
272;preset_demand;2007;242415720000
272;preset_demand;2008;245346480000
272;preset_demand;2009;256232160000
272;preset_demand;2010;259581600000
272;preset_demand;2011;259998935917.756
272;preset_demand;2012;260416942797.044
272;preset_demand;2013;260835621716.587
272;preset_demand;2014;261254973756.842
272;preset_demand;2015;261675000000
272;preset_demand;2016;262095701529.996
272;preset_demand;2017;262517079432.504
272;preset_demand;2018;262939134794.947
272;preset_demand;2019;263361868706.493
272;preset_demand;2020;263785282258.064
272;preset_demand;2021;264209376542.334
272;preset_demand;2022;264634152653.734
272;preset_demand;2023;265059611688.454
272;preset_demand;2024;265485754744.449
272;preset_demand;2025;265912582921.436
272;preset_demand;2026;266340097320.901
272;preset_demand;2027;266768299046.103
272;preset_demand;2028;267197189202.071
272;preset_demand;2029;267626768895.614
272;preset_demand;2030;268057039235.318
272;preset_demand;2031;268488001331.553
272;preset_demand;2032;268919656296.474
272;preset_demand;2033;269352005244.023
272;preset_demand;2034;269785049289.933
272;preset_demand;2035;270218789551.732
272;preset_demand;2036;270653227148.743
272;preset_demand;2037;271088363202.091
272;preset_demand;2038;271524198834.7
272;preset_demand;2039;271960735171.303
272;preset_demand;2040;272397973338.439
272;preset_demand;2041;272835914464.459
272;preset_demand;2042;273274559679.527
272;preset_demand;2043;273713910115.625
272;preset_demand;2044;274153966906.556
272;preset_demand;2045;274594731187.943
272;preset_demand;2046;275036204097.237
272;preset_demand;2047;275478386773.717
272;preset_demand;2048;275921280358.493
272;preset_demand;2049;276364885994.512
272;preset_demand;2050;276809204826.555
;;;
;;;
;;;
;;;
;;;
;;;
;;;
;;;
441;purchase_price_per_mw_input;2007;12000000
441;purchase_price_per_mw_input;2008;12000000
441;purchase_price_per_mw_input;2009;12000000
441;purchase_price_per_mw_input;2010;12000000
441;purchase_price_per_mw_input;2011;12000000
441;purchase_price_per_mw_input;2012;10000000
441;purchase_price_per_mw_input;2013;8000000
441;purchase_price_per_mw_input;2014;6000000
441;purchase_price_per_mw_input;2015;4000000
441;purchase_price_per_mw_input;2016;3400000
441;purchase_price_per_mw_input;2017;3400000
441;purchase_price_per_mw_input;2018;3400000
441;purchase_price_per_mw_input;2019;3400000
441;purchase_price_per_mw_input;2020;3000000
441;purchase_price_per_mw_input;2021;3000000
441;purchase_price_per_mw_input;2022;3000000
441;purchase_price_per_mw_input;2023;3000000
441;purchase_price_per_mw_input;2024;3000000
441;purchase_price_per_mw_input;2025;3000000
441;purchase_price_per_mw_input;2026;3000000
441;purchase_price_per_mw_input;2027;3000000
441;purchase_price_per_mw_input;2028;3000000
441;purchase_price_per_mw_input;2029;3000000
441;purchase_price_per_mw_input;2030;2600000
441;purchase_price_per_mw_input;2031;2600000
441;purchase_price_per_mw_input;2032;2600000
441;purchase_price_per_mw_input;2033;2600000
441;purchase_price_per_mw_input;2034;2600000
441;purchase_price_per_mw_input;2035;2600000
441;purchase_price_per_mw_input;2036;2600000
441;purchase_price_per_mw_input;2037;2600000
441;purchase_price_per_mw_input;2038;2600000
441;purchase_price_per_mw_input;2039;2600000
441;purchase_price_per_mw_input;2040;2200000
441;purchase_price_per_mw_input;2041;2200000
441;purchase_price_per_mw_input;2042;2200000
441;purchase_price_per_mw_input;2043;2200000
441;purchase_price_per_mw_input;2044;2200000
441;purchase_price_per_mw_input;2045;2200000
441;purchase_price_per_mw_input;2046;2200000
441;purchase_price_per_mw_input;2047;2200000
441;purchase_price_per_mw_input;2048;2200000
441;purchase_price_per_mw_input;2049;2200000
441;purchase_price_per_mw_input;2050;2200000
441;operation_and_maintenance_cost_fixed_per_mw_input;2007;200000
441;operation_and_maintenance_cost_fixed_per_mw_input;2008;200000
441;operation_and_maintenance_cost_fixed_per_mw_input;2009;200000
441;operation_and_maintenance_cost_fixed_per_mw_input;2010;200000
441;operation_and_maintenance_cost_fixed_per_mw_input;2011;200000
441;operation_and_maintenance_cost_fixed_per_mw_input;2012;160000
441;operation_and_maintenance_cost_fixed_per_mw_input;2013;120000
441;operation_and_maintenance_cost_fixed_per_mw_input;2014;100000
441;operation_and_maintenance_cost_fixed_per_mw_input;2015;80000
441;operation_and_maintenance_cost_fixed_per_mw_input;2016;80000
441;operation_and_maintenance_cost_fixed_per_mw_input;2017;80000
441;operation_and_maintenance_cost_fixed_per_mw_input;2018;80000
441;operation_and_maintenance_cost_fixed_per_mw_input;2019;80000
441;operation_and_maintenance_cost_fixed_per_mw_input;2020;80000
441;operation_and_maintenance_cost_fixed_per_mw_input;2021;80000
441;operation_and_maintenance_cost_fixed_per_mw_input;2022;80000
441;operation_and_maintenance_cost_fixed_per_mw_input;2023;80000
441;operation_and_maintenance_cost_fixed_per_mw_input;2024;80000
441;operation_and_maintenance_cost_fixed_per_mw_input;2025;80000
441;operation_and_maintenance_cost_fixed_per_mw_input;2026;80000
441;operation_and_maintenance_cost_fixed_per_mw_input;2027;80000
441;operation_and_maintenance_cost_fixed_per_mw_input;2028;80000
441;operation_and_maintenance_cost_fixed_per_mw_input;2029;80000
441;operation_and_maintenance_cost_fixed_per_mw_input;2030;80000
441;operation_and_maintenance_cost_fixed_per_mw_input;2031;80000
441;operation_and_maintenance_cost_fixed_per_mw_input;2032;80000
441;operation_and_maintenance_cost_fixed_per_mw_input;2033;80000
441;operation_and_maintenance_cost_fixed_per_mw_input;2034;80000
441;operation_and_maintenance_cost_fixed_per_mw_input;2035;80000
441;operation_and_maintenance_cost_fixed_per_mw_input;2036;80000
441;operation_and_maintenance_cost_fixed_per_mw_input;2037;80000
441;operation_and_maintenance_cost_fixed_per_mw_input;2038;80000
441;operation_and_maintenance_cost_fixed_per_mw_input;2039;80000
441;operation_and_maintenance_cost_fixed_per_mw_input;2040;80000
441;operation_and_maintenance_cost_fixed_per_mw_input;2041;80000
441;operation_and_maintenance_cost_fixed_per_mw_input;2042;80000
441;operation_and_maintenance_cost_fixed_per_mw_input;2043;80000
441;operation_and_maintenance_cost_fixed_per_mw_input;2044;80000
441;operation_and_maintenance_cost_fixed_per_mw_input;2045;80000
441;operation_and_maintenance_cost_fixed_per_mw_input;2046;80000
441;operation_and_maintenance_cost_fixed_per_mw_input;2047;80000
441;operation_and_maintenance_cost_fixed_per_mw_input;2048;80000
441;operation_and_maintenance_cost_fixed_per_mw_input;2049;80000
441;operation_and_maintenance_cost_fixed_per_mw_input;2050;80000
376;typical_nominal_input_capacity;2007;0.00628865979381443
376;typical_nominal_input_capacity;2008;0.00628865979381443
376;typical_nominal_input_capacity;2009;0.00628865979381443
376;typical_nominal_input_capacity;2010;0.00628865979381443
376;typical_nominal_input_capacity;2011;0.00618298969072165
376;typical_nominal_input_capacity;2012;0.00607731958762887
376;typical_nominal_input_capacity;2013;0.00597164948453608
376;typical_nominal_input_capacity;2014;0.0058659793814433
376;typical_nominal_input_capacity;2015;0.00576030927835052
376;typical_nominal_input_capacity;2016;0.00565463917525773
376;typical_nominal_input_capacity;2017;0.00554896907216495
376;typical_nominal_input_capacity;2018;0.00544329896907217
376;typical_nominal_input_capacity;2019;0.00533762886597938
376;typical_nominal_input_capacity;2020;0.0052319587628866
376;typical_nominal_input_capacity;2021;0.00512628865979381
376;typical_nominal_input_capacity;2022;0.00502061855670103
376;typical_nominal_input_capacity;2023;0.00491494845360825
376;typical_nominal_input_capacity;2024;0.00480927835051546
376;typical_nominal_input_capacity;2025;0.00470360824742268
376;typical_nominal_input_capacity;2026;0.0045979381443299
376;typical_nominal_input_capacity;2027;0.00449226804123711
376;typical_nominal_input_capacity;2028;0.00438659793814433
376;typical_nominal_input_capacity;2029;0.00428092783505155
376;typical_nominal_input_capacity;2030;0.00417525773195876
376;typical_nominal_input_capacity;2031;0.00406958762886598
376;typical_nominal_input_capacity;2032;0.0039639175257732
376;typical_nominal_input_capacity;2033;0.00385824742268041
376;typical_nominal_input_capacity;2034;0.00375257731958763
376;typical_nominal_input_capacity;2035;0.00364690721649485
376;typical_nominal_input_capacity;2036;0.00354123711340206
376;typical_nominal_input_capacity;2037;0.00343556701030928
376;typical_nominal_input_capacity;2038;0.00332989690721649
376;typical_nominal_input_capacity;2039;0.00322422680412371
376;typical_nominal_input_capacity;2040;0.00311855670103093
376;typical_nominal_input_capacity;2041;0.00301288659793815
376;typical_nominal_input_capacity;2042;0.00290721649484536
376;typical_nominal_input_capacity;2043;0.00280154639175258
376;typical_nominal_input_capacity;2044;0.0026958762886598
376;typical_nominal_input_capacity;2045;0.00259020618556701
376;typical_nominal_input_capacity;2046;0.00248453608247423
376;typical_nominal_input_capacity;2047;0.00237886597938144
376;typical_nominal_input_capacity;2048;0.00227319587628866
376;typical_nominal_input_capacity;2049;0.00216752577319588
376;typical_nominal_input_capacity;2050;0.00206185567010309
376;full_load_hours;2007;2500
376;full_load_hours;2008;2500
376;full_load_hours;2009;2500
376;full_load_hours;2010;2500
376;full_load_hours;2011;2637.5
376;full_load_hours;2012;2775
376;full_load_hours;2013;2912.5
376;full_load_hours;2014;3050
376;full_load_hours;2015;3187.5
376;full_load_hours;2016;3325
376;full_load_hours;2017;3462.5
376;full_load_hours;2018;3600
376;full_load_hours;2019;3737.5
376;full_load_hours;2020;3875
376;full_load_hours;2021;4012.5
376;full_load_hours;2022;4150
376;full_load_hours;2023;4287.5
376;full_load_hours;2024;4425
376;full_load_hours;2025;4562.5
376;full_load_hours;2026;4700
376;full_load_hours;2027;4837.5
376;full_load_hours;2028;4975
376;full_load_hours;2029;5112.5
376;full_load_hours;2030;5250
376;full_load_hours;2031;5387.5
376;full_load_hours;2032;5525
376;full_load_hours;2033;5662.5
376;full_load_hours;2034;5800
376;full_load_hours;2035;5937.5
376;full_load_hours;2036;6075
376;full_load_hours;2037;6212.5
376;full_load_hours;2038;6350
376;full_load_hours;2039;6487.5
376;full_load_hours;2040;6625
376;full_load_hours;2041;6762.5
376;full_load_hours;2042;6900
376;full_load_hours;2043;7037.5
376;full_load_hours;2044;7175
376;full_load_hours;2045;7312.5
376;full_load_hours;2046;7450
376;full_load_hours;2047;7587.5
376;full_load_hours;2048;7725
376;full_load_hours;2049;7862.5
376;full_load_hours;2050;8000
376;operation_and_maintenance_cost_fixed_per_mw_input;2007;0.0150708622509714
376;operation_and_maintenance_cost_fixed_per_mw_input;2008;0.0150708622509714
376;operation_and_maintenance_cost_fixed_per_mw_input;2009;0.0150708622509714
376;operation_and_maintenance_cost_fixed_per_mw_input;2010;0.0150708622509714
376;operation_and_maintenance_cost_fixed_per_mw_input;2011;0.014333209068555
376;operation_and_maintenance_cost_fixed_per_mw_input;2012;0.013670568518246
376;operation_and_maintenance_cost_fixed_per_mw_input;2013;0.0130724333726417
376;operation_and_maintenance_cost_fixed_per_mw_input;2014;0.0125302009072274
376;operation_and_maintenance_cost_fixed_per_mw_input;2015;0.0120367631682391
376;operation_and_maintenance_cost_fixed_per_mw_input;2016;0.0115861990404914
376;operation_and_maintenance_cost_fixed_per_mw_input;2017;0.011173539838542
376;operation_and_maintenance_cost_fixed_per_mw_input;2018;0.0107945887886152
376;operation_and_maintenance_cost_fixed_per_mw_input;2019;0.0104457805515289
376;operation_and_maintenance_cost_fixed_per_mw_input;2020;0.0101240708739367
376;operation_and_maintenance_cost_fixed_per_mw_input;2021;0.00982684917926912
376;operation_and_maintenance_cost_fixed_per_mw_input;2022;0.00955186882304608
376;operation_and_maintenance_cost_fixed_per_mw_input;2023;0.00929719110015534
376;operation_and_maintenance_cost_fixed_per_mw_input;2024;0.00906114007576978
376;operation_and_maintenance_cost_fixed_per_mw_input;2025;0.0088422660316312
376;operation_and_maintenance_cost_fixed_per_mw_input;2026;0.00863931585352849
376;operation_and_maintenance_cost_fixed_per_mw_input;2027;0.0084512090878783
376;operation_and_maintenance_cost_fixed_per_mw_input;2028;0.00827701870327703
376;operation_and_maintenance_cost_fixed_per_mw_input;2029;0.00811595583391094
376;operation_and_maintenance_cost_fixed_per_mw_input;2030;0.0079673579758082
376;operation_and_maintenance_cost_fixed_per_mw_input;2031;0.00783068026941807
376;operation_and_maintenance_cost_fixed_per_mw_input;2032;0.00770548964533496
376;operation_and_maintenance_cost_fixed_per_mw_input;2033;0.00759146174508703
376;operation_and_maintenance_cost_fixed_per_mw_input;2034;0.00748838066648234
376;operation_and_maintenance_cost_fixed_per_mw_input;2035;0.0073961417348324
376;operation_and_maintenance_cost_fixed_per_mw_input;2036;0.00731475768188215
376;operation_and_maintenance_cost_fixed_per_mw_input;2037;0.00724436884273886
376;operation_and_maintenance_cost_fixed_per_mw_input;2038;0.00718525828485761
376;operation_and_maintenance_cost_fixed_per_mw_input;2039;0.00713787320275507
376;operation_and_maintenance_cost_fixed_per_mw_input;2040;0.00710285450968558
376;operation_and_maintenance_cost_fixed_per_mw_input;2041;0.00708107743072817
376;operation_and_maintenance_cost_fixed_per_mw_input;2042;0.00707370720817606
376;operation_and_maintenance_cost_fixed_per_mw_input;2043;0.00708227603028377
376;operation_and_maintenance_cost_fixed_per_mw_input;2044;0.00710879043022615
376;operation_and_maintenance_cost_fixed_per_mw_input;2045;0.00715588344454324
376;operation_and_maintenance_cost_fixed_per_mw_input;2046;0.00722703415658276
376;operation_and_maintenance_cost_fixed_per_mw_input;2047;0.0073268914636782
376;operation_and_maintenance_cost_fixed_per_mw_input;2048;0.00746176399700256
376;operation_and_maintenance_cost_fixed_per_mw_input;2049;0.00764038420338054
376;operation_and_maintenance_cost_fixed_per_mw_input;2050;0.00787514318442153
376;purchase_price_per_mw_input;2007;277604.002063699
376;purchase_price_per_mw_input;2008;277604.002063699
376;purchase_price_per_mw_input;2009;185899.046214436
376;purchase_price_per_mw_input;2010;167558.055044583
376;purchase_price_per_mw_input;2011;154880.036338064
376;purchase_price_per_mw_input;2012;141098.942832519
376;purchase_price_per_mw_input;2013;126112.976808763
376;purchase_price_per_mw_input;2014;127219.788579073
376;purchase_price_per_mw_input;2015;132448.231930704
376;purchase_price_per_mw_input;2016;138006.867823363
376;purchase_price_per_mw_input;2017;143924.197096663
376;purchase_price_per_mw_input;2018;150231.874822996
376;purchase_price_per_mw_input;2019;156965.140273146
376;purchase_price_per_mw_input;2020;164163.317114449
376;purchase_price_per_mw_input;2021;171870.397317404
376;purchase_price_per_mw_input;2022;180135.725238633
376;purchase_price_per_mw_input;2023;189014.802099902
376;purchase_price_per_mw_input;2024;198570.235813122
376;purchase_price_per_mw_input;2025;208872.867099255
376;purchase_price_per_mw_input;2026;220003.110500532
376;purchase_price_per_mw_input;2027;232052.5587084
376;purchase_price_per_mw_input;2028;245125.91132507
376;purchase_price_per_mw_input;2029;259343.305700922
376;purchase_price_per_mw_input;2030;274843.149160089
376;purchase_price_per_mw_input;2031;291785.58057112
376;purchase_price_per_mw_input;2032;310356.727404865
376;purchase_price_per_mw_input;2033;330773.975785056
376;purchase_price_per_mw_input;2034;353292.540792541
376;purchase_price_per_mw_input;2035;378213.719995126
376;purchase_price_per_mw_input;2036;405895.345952554
376;purchase_price_per_mw_input;2037;436765.139838015
376;purchase_price_per_mw_input;2038;471337.933332408
376;purchase_price_per_mw_input;2039;510238.107985997
376;purchase_price_per_mw_input;2040;554229.160289767
376;purchase_price_per_mw_input;2041;604253.132227094
376;purchase_price_per_mw_input;2042;661483.906164758
376;purchase_price_per_mw_input;2043;727400.307190042
376;purchase_price_per_mw_input;2044;803888.023962731
376;purchase_price_per_mw_input;2045;893384.318079028
376;purchase_price_per_mw_input;2046;999087.72549366
376;purchase_price_per_mw_input;2047;1125269.04329344
376;purchase_price_per_mw_input;2048;1277744.84620958
376;purchase_price_per_mw_input;2049;1464620.72740313
376;purchase_price_per_mw_input;2050;1697500
417;operation_and_maintenance_cost_fixed_per_mw_input;2007;1336272.21380355
417;operation_and_maintenance_cost_fixed_per_mw_input;2008;1336272.21380355
417;operation_and_maintenance_cost_fixed_per_mw_input;2009;868576.93897231
417;operation_and_maintenance_cost_fixed_per_mw_input;2010;775037.884006061
417;operation_and_maintenance_cost_fixed_per_mw_input;2011;693145.953671172
417;operation_and_maintenance_cost_fixed_per_mw_input;2012;608406.212357717
417;operation_and_maintenance_cost_fixed_per_mw_input;2013;520667.481494108
417;operation_and_maintenance_cost_fixed_per_mw_input;2014;511423.550087873
417;operation_and_maintenance_cost_fixed_per_mw_input;2015;520805.369127517
417;operation_and_maintenance_cost_fixed_per_mw_input;2016;530537.830446673
417;operation_and_maintenance_cost_fixed_per_mw_input;2017;540640.966093822
417;operation_and_maintenance_cost_fixed_per_mw_input;2018;551136.363636364
417;operation_and_maintenance_cost_fixed_per_mw_input;2019;562047.320135201
417;operation_and_maintenance_cost_fixed_per_mw_input;2020;573399.014778325
417;operation_and_maintenance_cost_fixed_per_mw_input;2021;585218.702865762
417;operation_and_maintenance_cost_fixed_per_mw_input;2022;597535.934291581
417;operation_and_maintenance_cost_fixed_per_mw_input;2023;610382.800209754
417;operation_and_maintenance_cost_fixed_per_mw_input;2024;623794.21221865
417;operation_and_maintenance_cost_fixed_per_mw_input;2025;637808.219178082
417;operation_and_maintenance_cost_fixed_per_mw_input;2026;652466.367713005
417;operation_and_maintenance_cost_fixed_per_mw_input;2027;667814.113597246
417;operation_and_maintenance_cost_fixed_per_mw_input;2028;683901.292596945
417;operation_and_maintenance_cost_fixed_per_mw_input;2029;700782.661047562
417;operation_and_maintenance_cost_fixed_per_mw_input;2030;718518.518518519
417;operation_and_maintenance_cost_fixed_per_mw_input;2031;737175.427485751
417;operation_and_maintenance_cost_fixed_per_mw_input;2032;756827.048114435
417;operation_and_maintenance_cost_fixed_per_mw_input;2033;777555.110220441
417;operation_and_maintenance_cost_fixed_per_mw_input;2034;799450.54945055
417;operation_and_maintenance_cost_fixed_per_mw_input;2035;822614.8409894
417;operation_and_maintenance_cost_fixed_per_mw_input;2036;847161.572052402
417;operation_and_maintenance_cost_fixed_per_mw_input;2037;873218.304576144
417;operation_and_maintenance_cost_fixed_per_mw_input;2038;900928.79256966
417;operation_and_maintenance_cost_fixed_per_mw_input;2039;930455.635491607
417;operation_and_maintenance_cost_fixed_per_mw_input;2040;961983.471074381
417;operation_and_maintenance_cost_fixed_per_mw_input;2041;995722.840034218
417;operation_and_maintenance_cost_fixed_per_mw_input;2042;1031914.89361702
417;operation_and_maintenance_cost_fixed_per_mw_input;2043;1070837.16651334
417;operation_and_maintenance_cost_fixed_per_mw_input;2044;1112810.70745698
417;operation_and_maintenance_cost_fixed_per_mw_input;2045;1158208.95522388
417;operation_and_maintenance_cost_fixed_per_mw_input;2046;1207468.87966805
417;operation_and_maintenance_cost_fixed_per_mw_input;2047;1261105.09209101
417;operation_and_maintenance_cost_fixed_per_mw_input;2048;1319727.89115646
417;operation_and_maintenance_cost_fixed_per_mw_input;2049;1384066.58739596
417;operation_and_maintenance_cost_fixed_per_mw_input;2050;1455000
417;purchase_price_per_mw_input;2007;277604.002063699
417;purchase_price_per_mw_input;2008;277604.002063699
417;purchase_price_per_mw_input;2009;185899.046214436
417;purchase_price_per_mw_input;2010;167558.055044583
417;purchase_price_per_mw_input;2011;154880.036338064
417;purchase_price_per_mw_input;2012;141098.942832519
417;purchase_price_per_mw_input;2013;126112.976808763
417;purchase_price_per_mw_input;2014;127219.788579073
417;purchase_price_per_mw_input;2015;132448.231930704
417;purchase_price_per_mw_input;2016;138006.867823363
417;purchase_price_per_mw_input;2017;143924.197096663
417;purchase_price_per_mw_input;2018;150231.874822996
417;purchase_price_per_mw_input;2019;156965.140273146
417;purchase_price_per_mw_input;2020;164163.317114449
417;purchase_price_per_mw_input;2021;171870.397317404
417;purchase_price_per_mw_input;2022;180135.725238633
417;purchase_price_per_mw_input;2023;189014.802099902
417;purchase_price_per_mw_input;2024;198570.235813122
417;purchase_price_per_mw_input;2025;208872.867099255
417;purchase_price_per_mw_input;2026;220003.110500532
417;purchase_price_per_mw_input;2027;232052.5587084
417;purchase_price_per_mw_input;2028;245125.91132507
417;purchase_price_per_mw_input;2029;259343.305700922
417;purchase_price_per_mw_input;2030;274843.149160089
417;purchase_price_per_mw_input;2031;291785.58057112
417;purchase_price_per_mw_input;2032;310356.727404865
417;purchase_price_per_mw_input;2033;330773.975785056
417;purchase_price_per_mw_input;2034;353292.540792541
417;purchase_price_per_mw_input;2035;378213.719995126
417;purchase_price_per_mw_input;2036;405895.345952554
417;purchase_price_per_mw_input;2037;436765.139838015
417;purchase_price_per_mw_input;2038;471337.933332408
417;purchase_price_per_mw_input;2039;510238.107985997
417;purchase_price_per_mw_input;2040;554229.160289767
417;purchase_price_per_mw_input;2041;604253.132227094
417;purchase_price_per_mw_input;2042;661483.906164758
417;purchase_price_per_mw_input;2043;727400.307190042
417;purchase_price_per_mw_input;2044;803888.023962731
417;purchase_price_per_mw_input;2045;893384.318079028
417;purchase_price_per_mw_input;2046;999087.72549366
417;purchase_price_per_mw_input;2047;1125269.04329344
417;purchase_price_per_mw_input;2048;1277744.84620958
417;purchase_price_per_mw_input;2049;1464620.72740313
417;purchase_price_per_mw_input;2050;1697500
417;full_load_hours;2007;2500
417;full_load_hours;2008;2500
417;full_load_hours;2009;2500
417;full_load_hours;2010;2500
417;full_load_hours;2011;2637.5
417;full_load_hours;2012;2775
417;full_load_hours;2013;2912.5
417;full_load_hours;2014;3050
417;full_load_hours;2015;3187.5
417;full_load_hours;2016;3325
417;full_load_hours;2017;3462.5
417;full_load_hours;2018;3600
417;full_load_hours;2019;3737.5
417;full_load_hours;2020;3875
417;full_load_hours;2021;4012.5
417;full_load_hours;2022;4150
417;full_load_hours;2023;4287.5
417;full_load_hours;2024;4425
417;full_load_hours;2025;4562.5
417;full_load_hours;2026;4700
417;full_load_hours;2027;4837.5
417;full_load_hours;2028;4975
417;full_load_hours;2029;5112.5
417;full_load_hours;2030;5250
417;full_load_hours;2031;5387.5
417;full_load_hours;2032;5525
417;full_load_hours;2033;5662.5
417;full_load_hours;2034;5800
417;full_load_hours;2035;5937.5
417;full_load_hours;2036;6075
417;full_load_hours;2037;6212.5
417;full_load_hours;2038;6350
417;full_load_hours;2039;6487.5
417;full_load_hours;2040;6625
417;full_load_hours;2041;6762.5
417;full_load_hours;2042;6900
417;full_load_hours;2043;7037.5
417;full_load_hours;2044;7175
417;full_load_hours;2045;7312.5
417;full_load_hours;2046;7450
417;full_load_hours;2047;7587.5
417;full_load_hours;2048;7725
417;full_load_hours;2049;7862.5
417;full_load_hours;2050;8000
417;typical_nominal_input_capacity;2007;0.00628865979381443
417;typical_nominal_input_capacity;2008;0.00628865979381443
417;typical_nominal_input_capacity;2009;0.00628865979381443
417;typical_nominal_input_capacity;2010;0.00628865979381443
417;typical_nominal_input_capacity;2011;0.00618298969072165
417;typical_nominal_input_capacity;2012;0.00607731958762887
417;typical_nominal_input_capacity;2013;0.00597164948453608
417;typical_nominal_input_capacity;2014;0.0058659793814433
417;typical_nominal_input_capacity;2015;0.00576030927835052
417;typical_nominal_input_capacity;2016;0.00565463917525773
417;typical_nominal_input_capacity;2017;0.00554896907216495
417;typical_nominal_input_capacity;2018;0.00544329896907217
417;typical_nominal_input_capacity;2019;0.00533762886597938
417;typical_nominal_input_capacity;2020;0.0052319587628866
417;typical_nominal_input_capacity;2021;0.00512628865979381
417;typical_nominal_input_capacity;2022;0.00502061855670103
417;typical_nominal_input_capacity;2023;0.00491494845360825
417;typical_nominal_input_capacity;2024;0.00480927835051546
417;typical_nominal_input_capacity;2025;0.00470360824742268
417;typical_nominal_input_capacity;2026;0.0045979381443299
417;typical_nominal_input_capacity;2027;0.00449226804123711
417;typical_nominal_input_capacity;2028;0.00438659793814433
417;typical_nominal_input_capacity;2029;0.00428092783505155
417;typical_nominal_input_capacity;2030;0.00417525773195876
417;typical_nominal_input_capacity;2031;0.00406958762886598
417;typical_nominal_input_capacity;2032;0.0039639175257732
417;typical_nominal_input_capacity;2033;0.00385824742268041
417;typical_nominal_input_capacity;2034;0.00375257731958763
417;typical_nominal_input_capacity;2035;0.00364690721649485
417;typical_nominal_input_capacity;2036;0.00354123711340206
417;typical_nominal_input_capacity;2037;0.00343556701030928
417;typical_nominal_input_capacity;2038;0.00332989690721649
417;typical_nominal_input_capacity;2039;0.00322422680412371
417;typical_nominal_input_capacity;2040;0.00311855670103093
417;typical_nominal_input_capacity;2041;0.00301288659793815
417;typical_nominal_input_capacity;2042;0.00290721649484536
417;typical_nominal_input_capacity;2043;0.00280154639175258
417;typical_nominal_input_capacity;2044;0.0026958762886598
417;typical_nominal_input_capacity;2045;0.00259020618556701
417;typical_nominal_input_capacity;2046;0.00248453608247423
417;typical_nominal_input_capacity;2047;0.00237886597938144
417;typical_nominal_input_capacity;2048;0.00227319587628866
417;typical_nominal_input_capacity;2049;0.00216752577319588
417;typical_nominal_input_capacity;2050;0.00206185567010309
;;;
;;;
;;;
;;;
;;;
;;;
;;;
;;;
;;;
;;;
;;;
;;;
;;;
;;;
;;;
;;;
;;;
;;;
;;;
;;;
;;;
;;;
;;;
;;;
;;;
;;;
;;;
;;;
;;;
;;;
;;;
;;;
;;;
;;;
;;;
;;;
;;;
;;;
;;;
;;;
;;;
;;;
;;;
;;;
;;;
;;;
;;;
;;;
;;;
;;;
;;;
;;;
;;;
;;;
;;;
;;;
;;;
;;;
;;;
;;;
;;;
;;;
;;;
;;;
;;;
;;;
;;;
;;;
;;;
;;;
;;;
;;;
;;;
;;;
;;;
;;;
;;;
;;;
;;;
;;;
;;;
;;;
;;;
;;;
;;;
;;;
;;;
;;;
;;;
;;;
;;;
;;;
;;;
;;;
;;;
;;;
;;;
;;;
;;;
;;;
;;;
;;;
;;;
;;;
;;;
;;;
;;;
;;;
;;;
;;;
;;;
;;;
;;;
;;;
;;;
;;;
;;;
;;;
;;;
;;;
;;;
;;;
;;;
;;;
;;;
;;;
;;;
;;;
;;;
;;;
;;;
;;;
;;;
;;;
;;;
;;;
;;;
;;;
;;;
;;;
;;;
;;;
;;;
;;;
;;;
;;;
;;;
;;;
;;;
;;;
;;;
;;;
;;;
;;;
;;;
;;;
;;;
;;;
;;;
;;;
;;;
;;;
;;;
;;;
;;;
;;;
;;;
;;;
;;;
;;;
;;;
;;;
;;;
;;;
;;;
;;;
;;;
;;;
;;;
;;;
;;;
;;;
;;;
;;;
;;;
;;;
;;;
;;;
;;;
;;;
;;;
;;;
;;;
;;;
;;;
;;;
;;;
;;;
;;;
;;;
;;;
;;;
;;;
;;;
;;;
;;;
;;;
;;;
;;;
;;;
;;;
;;;
;;;
;;;
;;;
;;;
;;;
;;;
;;;
;;;
;;;
;;;
;;;
;;;
;;;
;;;
;;;
;;;
;;;
;;;
;;;
;;;
;;;
;;;
;;;
;;;
;;;
;;;
;;;
;;;
;;;
;;;
;;;
;;;
;;;
;;;
;;;
;;;
;;;
;;;
;;;
;;;
;;;
;;;
;;;
;;;
;;;
;;;
;;;
;;;
;;;
;;;
;;;
;;;
;;;
;;;
;;;
;;;
;;;
;;;
;;;
;;;
;;;
;;;
;;;
;;;
;;;
;;;
;;;
;;;
;;;
;;;
;;;
;;;
;;;
;;;
;;;
;;;
;;;
;;;
;;;
;;;
;;;
;;;
;;;
;;;
;;;
;;;
;;;
;;;
;;;
;;;
;;;
;;;
;;;
;;;
;;;
;;;
;;;
;;;
;;;
;;;
;;;
;;;
;;;
;;;
;;;
;;;
;;;
;;;
;;;
;;;
;;;
;;;
;;;
;;;
;;;
;;;
;;;
;;;
;;;
;;;
;;;
;;;
;;;
;;;
;;;
;;;
;;;
;;;
;;;
;;;
;;;
;;;
;;;
;;;
;;;
;;;
;;;
;;;
;;;
;;;
;;;
;;;
;;;
;;;
;;;
;;;
;;;
;;;
;;;
;;;
;;;
;;;
;;;
;;;
;;;
;;;
;;;
;;;
;;;
;;;
;;;
;;;
;;;
;;;
;;;
;;;
;;;
;;;
;;;
;;;
;;;
;;;
;;;
;;;
;;;
;;;
;;;
;;;
;;;
;;;
;;;
;;;
;;;
;;;
;;;
;;;
;;;
;;;
;;;
;;;
;;;
;;;
;;;
;;;
;;;
;;;
;;;
;;;
;;;
;;;
;;;
;;;
;;;
;;;
;;;
;;;
;;;
;;;
;;;
;;;
;;;
;;;
;;;
;;;
;;;
;;;
;;;
;;;
;;;
;;;
;;;
;;;
;;;
;;;
;;;
;;;
;;;
;;;
;;;
;;;
;;;
;;;
;;;
;;;
;;;
;;;
;;;
;;;
;;;
;;;
;;;
;;;
;;;
;;;
;;;
;;;
;;;
;;;
;;;
;;;
;;;
;;;
;;;
;;;
;;;
;;;
;;;
;;;
;;;
;;;
;;;
;;;
;;;
;;;
;;;
;;;
;;;
;;;
;;;
;;;
;;;
;;;
;;;
;;;
;;;
;;;
;;;
;;;
;;;
;;;
;;;
;;;
;;;
;;;
;;;
;;;
;;;
;;;
;;;
;;;
;;;
;;;
;;;
;;;
;;;
;;;
;;;
;;;
;;;
;;;
;;;
;;;
;;;
;;;
;;;
;;;
;;;
;;;
;;;
;;;
;;;
;;;
;;;
;;;
;;;
;;;
;;;
;;;
;;;
;;;
;;;
;;;
;;;
;;;
;;;
;;;
;;;
;;;
;;;
;;;
;;;
;;;
;;;
;;;
;;;
;;;
;;;
;;;
;;;
;;;
;;;
;;;
;;;
;;;
;;;
;;;
;;;
;;;
;;;
;;;
;;;
;;;
;;;
;;;
;;;
;;;
;;;
;;;
;;;
;;;
;;;
;;;
;;;
;;;
;;;
;;;
;;;
;;;
;;;
;;;
;;;
;;;
;;;
;;;
;;;
;;;
;;;
;;;
;;;
;;;
;;;
;;;
;;;
;;;
;;;
;;;
;;;
;;;
;;;
;;;
;;;
;;;
;;;
;;;
;;;
;;;
;;;
;;;
;;;
;;;
;;;
;;;
;;;
;;;
;;;
;;;
;;;
;;;
;;;
;;;
;;;
;;;
;;;
;;;
;;;
;;;
;;;
;;;
;;;
;;;
;;;
;;;
;;;
;;;
;;;
;;;
;;;
;;;
;;;
;;;
;;;
;;;
;;;
;;;
;;;
;;;
;;;
;;;
;;;
;;;
;;;
;;;
;;;
;;;
;;;
;;;
;;;
;;;
;;;
;;;
;;;
;;;
;;;
;;;
;;;
;;;
;;;
;;;
;;;
;;;
;;;
;;;
;;;
;;;
;;;
;;;
;;;
;;;
;;;
;;;
;;;
;;;
;;;
;;;
;;;
;;;
;;;
;;;
;;;
;;;
;;;
;;;
;;;
;;;
;;;
;;;
;;;
;;;
;;;
;;;
;;;
;;;
;;;
;;;
;;;
;;;
;;;
;;;
;;;
;;;
;;;
;;;
;;;
;;;
;;;
;;;
;;;
;;;
;;;
;;;
;;;
;;;
;;;
;;;
;;;
;;;
;;;
;;;
;;;
;;;
;;;
;;;
;;;
;;;
;;;
;;;
;;;
;;;
;;;
;;;
;;;
;;;
;;;
;;;
;;;
;;;
;;;
;;;
;;;
;;;
;;;
;;;
;;;
;;;
;;;
;;;
;;;
;;;
;;;
;;;
;;;
;;;
;;;
;;;
;;;
;;;
;;;
;;;
;;;
;;;
;;;
;;;
;;;
;;;
;;;
;;;
;;;
;;;
;;;
;;;
;;;
;;;
;;;
;;;
;;;
;;;
;;;
;;;
;;;
;;;
;;;
;;;
;;;
;;;
;;;
;;;
;;;
;;;
;;;
;;;
;;;
;;;
;;;
;;;
;;;
;;;
;;;
;;;
;;;
;;;
;;;
;;;
;;;
;;;
;;;
;;;
;;;
;;;
;;;
;;;
;;;
;;;
;;;
;;;
;;;
;;;
;;;
;;;
;;;
;;;
;;;
;;;
;;;
;;;
;;;
;;;
;;;
;;;
;;;
;;;
;;;
;;;
;;;
;;;
;;;
;;;
;;;
;;;
;;;
;;;
;;;
;;;
;;;
;;;
;;;
;;;
;;;
;;;
;;;
;;;
;;;
;;;
;;;
;;;
;;;
;;;
;;;
;;;
;;;
;;;
;;;
;;;
;;;
;;;
;;;
;;;
;;;
;;;
;;;
;;;
;;;
;;;
;;;
;;;
;;;
;;;
;;;
;;;
;;;
;;;
;;;
;;;
;;;
;;;
;;;
;;;
;;;
;;;
;;;
;;;
;;;
;;;
;;;
;;;
;;;
;;;
;;;
;;;
;;;
;;;
;;;
;;;
;;;
;;;
;;;
;;;
;;;
;;;
;;;
;;;
;;;
;;;
;;;
;;;
;;;
;;;
;;;
;;;
;;;
;;;
;;;
;;;
;;;
;;;
;;;
;;;
;;;
;;;
;;;
;;;
;;;
;;;
;;;
;;;
;;;
;;;
;;;
;;;
;;;
;;;
;;;
;;;
;;;
;;;
;;;
;;;
;;;
;;;
;;;
;;;
;;;
;;;
;;;
;;;
;;;
;;;
;;;
;;;
;;;
;;;
;;;
;;;
;;;
;;;
;;;
;;;
;;;
;;;
;;;
;;;
;;;
;;;
;;;
;;;
;;;
;;;
;;;
;;;
;;;
;;;
;;;
;;;
;;;
;;;
;;;
;;;
;;;
;;;
;;;
;;;
;;;
;;;
;;;
;;;
;;;
;;;
;;;
;;;
;;;
;;;
;;;
;;;
;;;
;;;
;;;
;;;
;;;
;;;
;;;
;;;
;;;
;;;
;;;
;;;
;;;
;;;
;;;
;;;
;;;
;;;
;;;
;;;
;;;
;;;
;;;
;;;
;;;
;;;
;;;
;;;
;;;
;;;
;;;
;;;
;;;
;;;
;;;
;;;
;;;
;;;
;;;
;;;
;;;
;;;
;;;
;;;
;;;
;;;
;;;
;;;
;;;
;;;
;;;
;;;
;;;
;;;
;;;
;;;
;;;
;;;
;;;
;;;
;;;
;;;
;;;
;;;
;;;
;;;
;;;
;;;
;;;
;;;
;;;
;;;
;;;
;;;
;;;
;;;
;;;
;;;
;;;
;;;
;;;
;;;
;;;
;;;
;;;
;;;
;;;
;;;
;;;
;;;
;;;
;;;
;;;
;;;
;;;
;;;
;;;
;;;
;;;
;;;
;;;
;;;
;;;
;;;
;;;
;;;
;;;
;;;
;;;
;;;
;;;
;;;
;;;
;;;
;;;
;;;
;;;
;;;
;;;
;;;
;;;
;;;
;;;
;;;
;;;
;;;
;;;
;;;
;;;
;;;
;;;
;;;
;;;
;;;
;;;
;;;
;;;
;;;
;;;
;;;
;;;
;;;
;;;
;;;
;;;
;;;
;;;
;;;
;;;
;;;
;;;
;;;
;;;
;;;
;;;
;;;
;;;
;;;
;;;
;;;
;;;
;;;
;;;
;;;
;;;
;;;
;;;
;;;
;;;
;;;
;;;
;;;
;;;
;;;
;;;
;;;
;;;
;;;
;;;
;;;
;;;
;;;
;;;
;;;
;;;
;;;
;;;
;;;
;;;
;;;
;;;
;;;
;;;
;;;
;;;
;;;
;;;
;;;
;;;
;;;
;;;
;;;
;;;
;;;
;;;
;;;
;;;
;;;
;;;
;;;
;;;
;;;
;;;
;;;
;;;
;;;
;;;
;;;
;;;
;;;
;;;
;;;
;;;
;;;
;;;
;;;
;;;
;;;
;;;
;;;
;;;
;;;
;;;
;;;
;;;
;;;
;;;
;;;
;;;
;;;
;;;
;;;
;;;
;;;
;;;
;;;
;;;
;;;
;;;
;;;
;;;
;;;
;;;
;;;
;;;
;;;
;;;
;;;
;;;
;;;
;;;
;;;
;;;
;;;
;;;
;;;
;;;
;;;
;;;
;;;
;;;
;;;
;;;
;;;
;;;
;;;
;;;
;;;
;;;
;;;
;;;
;;;
;;;
;;;
;;;
;;;
;;;
;;;
;;;
;;;
;;;
;;;
;;;
;;;
;;;
;;;
;;;
;;;
;;;
;;;
;;;
;;;
;;;
;;;
;;;
;;;
;;;
;;;
;;;
;;;
;;;
;;;
;;;
;;;
;;;
;;;
;;;
;;;
;;;
;;;
;;;
;;;
;;;
;;;
;;;
;;;
;;;
;;;
;;;
;;;
;;;
;;;
;;;
;;;
;;;
;;;
;;;
;;;
;;;
;;;
;;;
;;;
;;;
;;;
;;;
;;;
;;;
;;;
;;;
;;;
;;;
;;;
;;;
;;;
;;;
;;;
;;;
;;;
;;;
;;;
;;;
;;;
;;;
;;;
;;;
;;;
;;;
;;;
;;;
;;;
;;;
;;;
;;;
;;;
;;;
;;;
;;;
;;;
;;;
;;;
;;;
;;;
;;;
;;;
;;;
;;;
;;;
;;;
;;;
;;;
;;;
;;;
;;;
;;;
;;;
;;;
;;;
;;;
;;;
;;;
;;;
;;;
;;;
;;;
;;;
;;;
;;;
;;;
;;;
;;;
;;;
;;;
;;;
;;;
;;;
;;;
;;;
;;;
;;;
;;;
;;;
;;;
;;;
;;;
;;;
;;;
;;;
;;;
;;;
;;;
;;;
;;;
;;;
;;;
;;;
;;;
;;;
;;;
;;;
;;;
;;;
;;;
;;;
;;;
;;;
;;;
;;;
;;;
;;;
;;;
;;;
;;;
;;;
;;;
;;;
;;;
;;;
;;;
;;;
;;;
;;;
;;;
;;;
;;;
;;;
;;;
;;;
;;;
;;;
;;;
;;;
;;;
;;;
;;;
;;;
;;;
;;;
;;;
;;;
;;;
;;;
;;;
;;;
;;;
;;;
;;;
;;;
;;;
;;;
;;;
;;;
;;;
;;;
;;;
;;;
;;;
;;;
;;;
;;;
;;;
;;;
;;;
;;;
;;;
;;;
;;;
;;;
;;;
;;;
;;;
;;;
;;;
;;;
;;;
;;;
;;;
;;;
;;;
;;;
;;;
;;;
;;;
;;;
;;;
;;;
;;;
;;;
;;;
;;;
;;;
;;;
;;;
;;;
;;;
;;;
;;;
;;;
;;;
;;;
;;;
;;;
;;;
;;;
;;;
;;;
;;;
;;;
;;;
;;;
;;;
;;;
;;;
;;;
;;;
;;;
;;;
;;;
;;;
;;;
;;;
;;;
;;;
;;;
;;;
;;;
;;;
;;;
;;;
;;;
;;;
;;;
;;;
;;;
;;;
;;;
;;;
;;;
;;;
;;;
;;;
;;;
;;;
;;;
;;;
;;;
;;;
;;;
;;;
;;;
;;;
;;;
;;;
;;;
;;;
;;;
;;;
;;;
;;;
;;;
;;;
;;;
;;;
;;;
;;;
;;;
;;;
;;;
;;;
;;;
;;;
;;;
;;;
;;;
;;;
;;;
;;;
;;;
;;;
;;;
;;;
;;;
;;;
;;;
;;;
;;;
;;;
;;;
;;;
;;;
;;;
;;;
;;;
;;;
;;;
;;;
;;;
;;;
;;;
;;;
;;;
;;;
;;;
;;;
;;;
;;;
;;;
;;;
;;;
;;;
;;;
;;;
;;;
;;;
;;;
;;;
;;;
;;;
;;;
;;;
;;;
;;;
;;;
;;;
;;;
;;;
;;;
;;;
;;;
;;;
;;;
;;;
;;;
;;;
;;;
;;;
;;;
;;;
;;;
;;;
;;;
;;;
;;;
;;;
;;;
;;;
;;;
;;;
;;;
;;;
;;;
;;;
;;;
;;;
;;;
;;;
;;;
;;;
;;;
;;;
;;;
;;;
;;;
;;;
;;;
;;;
;;;
;;;
;;;
;;;
;;;
;;;
;;;
;;;
;;;
;;;
;;;
;;;
;;;
;;;
;;;
;;;
;;;
;;;
;;;
;;;
;;;
;;;
;;;
;;;
;;;
;;;
;;;
;;;
;;;
;;;
;;;
;;;
;;;
;;;
;;;
;;;
;;;
;;;
;;;
;;;
;;;
;;;
;;;
;;;
;;;
;;;
;;;
;;;
;;;
;;;
;;;
;;;
;;;
;;;
;;;
;;;
;;;
;;;
;;;
;;;
;;;
;;;
;;;
;;;
;;;
;;;
;;;
;;;
;;;
;;;
;;;
;;;
;;;
;;;
;;;
;;;
;;;
;;;
;;;
;;;
;;;
;;;
;;;
;;;
;;;
;;;
;;;
;;;
;;;
;;;
;;;
;;;
;;;
;;;
;;;
;;;
;;;
;;;
;;;
;;;
;;;
;;;
;;;
;;;
;;;
;;;
;;;
;;;
;;;
;;;
;;;
;;;
;;;
;;;
;;;
;;;
;;;
;;;
;;;
;;;
;;;
;;;
;;;
;;;
;;;
;;;
;;;
;;;
;;;
;;;
;;;
;;;
;;;
;;;
;;;
;;;
;;;
;;;
;;;
;;;
;;;
;;;
;;;
;;;
;;;
;;;
;;;
;;;
;;;
;;;
;;;
;;;
;;;
;;;
;;;
;;;
;;;
;;;
;;;
;;;
;;;
;;;
;;;
;;;
;;;
;;;
;;;
;;;
;;;
;;;
;;;
;;;
;;;
;;;
;;;
;;;
;;;
;;;
;;;
;;;
;;;
;;;
;;;
;;;
;;;
;;;
;;;
;;;
;;;
;;;
;;;
;;;
;;;
;;;
;;;
;;;
;;;
;;;
;;;
;;;
;;;
;;;
;;;
;;;
;;;
;;;
;;;
;;;
;;;
;;;
;;;
;;;
;;;
;;;
;;;
;;;
;;;
;;;
;;;
;;;
;;;
;;;
;;;
;;;
;;;
;;;
;;;
;;;
;;;
;;;
;;;
;;;
;;;
;;;
;;;
;;;
;;;
;;;
;;;
;;;
;;;
;;;
;;;
;;;
;;;
;;;
;;;
;;;
;;;
;;;
;;;
;;;
;;;
;;;
;;;
;;;
;;;
;;;
;;;
;;;
;;;
;;;
;;;
;;;
;;;
;;;
;;;
;;;
;;;
;;;
;;;
;;;
;;;
;;;
;;;
;;;
;;;
;;;
;;;
;;;
;;;
;;;
;;;
;;;
;;;
;;;
;;;
;;;
;;;
;;;
;;;
;;;
;;;
;;;
;;;
;;;
;;;
;;;
;;;
;;;
;;;
;;;
;;;
;;;
;;;
;;;
;;;
;;;
;;;
;;;
;;;
;;;
;;;
;;;
;;;
;;;
;;;
;;;
;;;
;;;
;;;
;;;
;;;
;;;
;;;
;;;
;;;
;;;
;;;
;;;
;;;
;;;
;;;
;;;
;;;
;;;
;;;
;;;
;;;
;;;
;;;
;;;
;;;
;;;
;;;
;;;
;;;
;;;
;;;
;;;
;;;
;;;
;;;
;;;
;;;
;;;
;;;
;;;
;;;
;;;
;;;
;;;
;;;
;;;
;;;
;;;
;;;
;;;
;;;
;;;
;;;
;;;
;;;
;;;
;;;
;;;
;;;
;;;
;;;
;;;
;;;
;;;
;;;
;;;
;;;
;;;
;;;
;;;
;;;
;;;
;;;
;;;
;;;
;;;
;;;
;;;
;;;
;;;
;;;
;;;
;;;
;;;
;;;
;;;
;;;
;;;
;;;
;;;
;;;
;;;
;;;
;;;
;;;
;;;
;;;
;;;
;;;
;;;
;;;
;;;
;;;
;;;
;;;
;;;
;;;
;;;
;;;
;;;
;;;
;;;
;;;
;;;
;;;
;;;
;;;
;;;
;;;
;;;
;;;
;;;
;;;
;;;
;;;
;;;
;;;
;;;
;;;
;;;
;;;
;;;
;;;
;;;
;;;
;;;
;;;
;;;
;;;
;;;
;;;
;;;
;;;
;;;
;;;
;;;
;;;
;;;
;;;
;;;
;;;
;;;
;;;
;;;
;;;
;;;
;;;
;;;
;;;
;;;
;;;
;;;
;;;
;;;
;;;
;;;
;;;
;;;
;;;
;;;
;;;
;;;
;;;
;;;
;;;
;;;
;;;
;;;
;;;
;;;
;;;
;;;
;;;
;;;
;;;
;;;
;;;
;;;
;;;
;;;
;;;
;;;
;;;
;;;
;;;
;;;
;;;
;;;
;;;
;;;
;;;
;;;
;;;
;;;
;;;
;;;
;;;
;;;
;;;
;;;
;;;
;;;
;;;
;;;
;;;
;;;
;;;
;;;
;;;
;;;
;;;
;;;
;;;
;;;
;;;
;;;
;;;
;;;
;;;
;;;
;;;
;;;
;;;
;;;
;;;
;;;
;;;
;;;
;;;
;;;
;;;
;;;
;;;
;;;
;;;
;;;
;;;
;;;
;;;
;;;
;;;
;;;
;;;
;;;
;;;
;;;
;;;
;;;
;;;
;;;
;;;
;;;
;;;
;;;
;;;
;;;
;;;
;;;
;;;
;;;
;;;
;;;
;;;
;;;
;;;
;;;
;;;
;;;
;;;
;;;
;;;
;;;
;;;
;;;
;;;
;;;
;;;
;;;
;;;
;;;
;;;
;;;
;;;
;;;
;;;
;;;
;;;
;;;
;;;
;;;
;;;
;;;
;;;
;;;
;;;
;;;
;;;
;;;
;;;
;;;
;;;
;;;
;;;
;;;
;;;
;;;
;;;
;;;
;;;
;;;
;;;
;;;
;;;
;;;
;;;
;;;
;;;
;;;
;;;
;;;
;;;
;;;
;;;
;;;
;;;
;;;
;;;
;;;
;;;
;;;
;;;
;;;
;;;
;;;
;;;
;;;
;;;
;;;
;;;
;;;
;;;
;;;
;;;
;;;
;;;
;;;
;;;
;;;
;;;
;;;
;;;
;;;
;;;
;;;
;;;
;;;
;;;
;;;
;;;
;;;
;;;
;;;
;;;
;;;
;;;
;;;
;;;
;;;
;;;
;;;
;;;
;;;
;;;
;;;
;;;
;;;
;;;
;;;
;;;
;;;
;;;
;;;
;;;
;;;
;;;
;;;
;;;
;;;
;;;
;;;
;;;
;;;
;;;
;;;
;;;
;;;
;;;
;;;
;;;
;;;
;;;
;;;
;;;
;;;
;;;
;;;
;;;
;;;
;;;
;;;
;;;
;;;
;;;
;;;
;;;
;;;
;;;
;;;
;;;
;;;
;;;
;;;
;;;
;;;
;;;
;;;
;;;
;;;
;;;
;;;
;;;
;;;
;;;
;;;
;;;
;;;
;;;
;;;
;;;
;;;
;;;
;;;
;;;
;;;
;;;
;;;
;;;
;;;
;;;
;;;
;;;
;;;
;;;
;;;
;;;
;;;
;;;
;;;
;;;
;;;
;;;
;;;
;;;
;;;
;;;
;;;
;;;
;;;
;;;
;;;
;;;
;;;
;;;
;;;
;;;
;;;
;;;
;;;
;;;
;;;
;;;
;;;
;;;
;;;
;;;
;;;
;;;
;;;
;;;
;;;
;;;
;;;
;;;
;;;
;;;
;;;
;;;
;;;
;;;
;;;
;;;
;;;
;;;
;;;
;;;
;;;
;;;
;;;
;;;
;;;
;;;
;;;
;;;
;;;
;;;
;;;
;;;
;;;
;;;
;;;
;;;
;;;
;;;
;;;
;;;
;;;
;;;
;;;
;;;
;;;
;;;
;;;
;;;
;;;
;;;
;;;
;;;
;;;
;;;
;;;
;;;
;;;
;;;
;;;
;;;
;;;
;;;
;;;
;;;
;;;
;;;
;;;
;;;
;;;
;;;
;;;
;;;
;;;
;;;
;;;
;;;
;;;
;;;
;;;
;;;
;;;
;;;
;;;
;;;
;;;
;;;
;;;
;;;
;;;
;;;
;;;
;;;
;;;
;;;
;;;
;;;
;;;
;;;
;;;
;;;
;;;
;;;
;;;
;;;
;;;
;;;
;;;
;;;
;;;
;;;
;;;
;;;
;;;
;;;
;;;
;;;
;;;
;;;
;;;
;;;
;;;
;;;
;;;
;;;
;;;
;;;
;;;
;;;
;;;
;;;
;;;
;;;
;;;
;;;
;;;
;;;
;;;
;;;
;;;
;;;
;;;
;;;
;;;
;;;
;;;
;;;
;;;
;;;
;;;
;;;
;;;
;;;
;;;
;;;
;;;
;;;
;;;
;;;
;;;
;;;
;;;
;;;
;;;
;;;
;;;
;;;
;;;
;;;
;;;
;;;
;;;
;;;
;;;
;;;
;;;
;;;
;;;
;;;
;;;
;;;
;;;
;;;
;;;
;;;
;;;
;;;
;;;
;;;
;;;
;;;
;;;
;;;
;;;
;;;
;;;
;;;
;;;
;;;
;;;
;;;
;;;
;;;
;;;
;;;
;;;
;;;
;;;
;;;
;;;
;;;
;;;
;;;
;;;
;;;
;;;
;;;
;;;
;;;
;;;
;;;
;;;
;;;
;;;
;;;
;;;
;;;
;;;
;;;
;;;
;;;
;;;
;;;
;;;
;;;
;;;
;;;
;;;
;;;
;;;
;;;
;;;
;;;
;;;
;;;
;;;
;;;
;;;
;;;
;;;
;;;
;;;
;;;
;;;
;;;
;;;
;;;
;;;
;;;
;;;
;;;
;;;
;;;
;;;
;;;
;;;
;;;
;;;
;;;
;;;
;;;
;;;
;;;
;;;
;;;
;;;
;;;
;;;
;;;
;;;
;;;
;;;
;;;
;;;
;;;
;;;
;;;
;;;
;;;
;;;
;;;
;;;
;;;
;;;
;;;
;;;
;;;
;;;
;;;
;;;
;;;
;;;
;;;
;;;
;;;
;;;
;;;
;;;
;;;
;;;
;;;
;;;
;;;
;;;
;;;
;;;
;;;
;;;
;;;
;;;
;;;
;;;
;;;
;;;
;;;
;;;
;;;
;;;
;;;
;;;
;;;
;;;
;;;
;;;
;;;
;;;
;;;
;;;
;;;
;;;
;;;
;;;
;;;
;;;
;;;
;;;
;;;
;;;
;;;
;;;
;;;
;;;
;;;
;;;
;;;
;;;
;;;
;;;
;;;
;;;
;;;
;;;
;;;
;;;
;;;
;;;
;;;
;;;
;;;
;;;
;;;
;;;
;;;
;;;
;;;
;;;
;;;
;;;
;;;
;;;
;;;
;;;
;;;
;;;
;;;
;;;
;;;
;;;
;;;
;;;
;;;
;;;
;;;
;;;
;;;
;;;
;;;
;;;
;;;
;;;
;;;
;;;
;;;
;;;
;;;
;;;
;;;
;;;
;;;
;;;
;;;
;;;
;;;
;;;
;;;
;;;
;;;
;;;
;;;
;;;
;;;
;;;
;;;
;;;
;;;
;;;
;;;
;;;
;;;
;;;
;;;
;;;
;;;
;;;
;;;
;;;
;;;
;;;
;;;
;;;
;;;
;;;
;;;
;;;
;;;
;;;
;;;
;;;
;;;
;;;
;;;
;;;
;;;
;;;
;;;
;;;
;;;
;;;
;;;
;;;
;;;
;;;
;;;
;;;
;;;
;;;
;;;
;;;
;;;
;;;
;;;
;;;
;;;
;;;
;;;
;;;
;;;
;;;
;;;
;;;
;;;
;;;
;;;
;;;
;;;
;;;
;;;
;;;
;;;
;;;
;;;
;;;
;;;
;;;
;;;
;;;
;;;
;;;
;;;
;;;
;;;
;;;
;;;
;;;
;;;
;;;
;;;
;;;
;;;
;;;
;;;
;;;
;;;
;;;
;;;
;;;
;;;
;;;
;;;
;;;
;;;
;;;
;;;
;;;
;;;
;;;
;;;
;;;
;;;
;;;
;;;
;;;
;;;
;;;
;;;
;;;
;;;
;;;
;;;
;;;
;;;
;;;
;;;
;;;
;;;
;;;
;;;
;;;
;;;
;;;
;;;
;;;
;;;
;;;
;;;
;;;
;;;
;;;
;;;
;;;
;;;
;;;
;;;
;;;
;;;
;;;
;;;
;;;
;;;
;;;
;;;
;;;
;;;
;;;
;;;
;;;
;;;
;;;
;;;
;;;
;;;
;;;
;;;
;;;
;;;
;;;
;;;
;;;
;;;
;;;
;;;
;;;
;;;
;;;
;;;
;;;
;;;
;;;
;;;
;;;
;;;
;;;
;;;
;;;
;;;
;;;
;;;
;;;
;;;
;;;
;;;
;;;
;;;
;;;
;;;
;;;
;;;
;;;
;;;
;;;
;;;
;;;
;;;
;;;
;;;
;;;
;;;
;;;
;;;
;;;
;;;
;;;
;;;
;;;
;;;
;;;
;;;
;;;
;;;
;;;
;;;
;;;
;;;
;;;
;;;
;;;
;;;
;;;
;;;
;;;
;;;
;;;
;;;
;;;
;;;
;;;
;;;
;;;
;;;
;;;
;;;
;;;
;;;
;;;
;;;
;;;
;;;
;;;
;;;
;;;
;;;
;;;
;;;
;;;
;;;
;;;
;;;
;;;
;;;
;;;
;;;
;;;
;;;
;;;
;;;
;;;
;;;
;;;
;;;
;;;
;;;
;;;
;;;
;;;
;;;
;;;
;;;
;;;
;;;
;;;
;;;
;;;
;;;
;;;
;;;
;;;
;;;
;;;
;;;
;;;
;;;
;;;
;;;
;;;
;;;
;;;
;;;
;;;
;;;
;;;
;;;
;;;
;;;
;;;
;;;
;;;
;;;
;;;
;;;
;;;
;;;
;;;
;;;
;;;
;;;
;;;
;;;
;;;
;;;
;;;
;;;
;;;
;;;
;;;
;;;
;;;
;;;
;;;
;;;
;;;
;;;
;;;
;;;
;;;
;;;
;;;
;;;
;;;
;;;
;;;
;;;
;;;
;;;
;;;
;;;
;;;
;;;
;;;
;;;
;;;
;;;
;;;
;;;
;;;
;;;
;;;
;;;
;;;
;;;
;;;
;;;
;;;
;;;
;;;
;;;
;;;
;;;
;;;
;;;
;;;
;;;
;;;
;;;
;;;
;;;
;;;
;;;
;;;
;;;
;;;
;;;
;;;
;;;
;;;
;;;
;;;
;;;
;;;
;;;
;;;
;;;
;;;
;;;
;;;
;;;
;;;
;;;
;;;
;;;
;;;
;;;
;;;
;;;
;;;
;;;
;;;
;;;
;;;
;;;
;;;
;;;
;;;
;;;
;;;
;;;
;;;
;;;
;;;
;;;
;;;
;;;
;;;
;;;
;;;
;;;
;;;
;;;
;;;
;;;
;;;
;;;
;;;
;;;
;;;
;;;
;;;
;;;
;;;
;;;
;;;
;;;
;;;
;;;
;;;
;;;
;;;
;;;
;;;
;;;
;;;
;;;
;;;
;;;
;;;
;;;
;;;
;;;
;;;
;;;
;;;
;;;
;;;
;;;
;;;
;;;
;;;
;;;
;;;
;;;
;;;
;;;
;;;
;;;
;;;
;;;
;;;
;;;
;;;
;;;
;;;
;;;
;;;
;;;
;;;
;;;
;;;
;;;
;;;
;;;
;;;
;;;
;;;
;;;
;;;
;;;
;;;
;;;
;;;
;;;
;;;
;;;
;;;
;;;
;;;
;;;
;;;
;;;
;;;
;;;
;;;
;;;
;;;
;;;
;;;
;;;
;;;
;;;
;;;
;;;
;;;
;;;
;;;
;;;
;;;
;;;
;;;
;;;
;;;
;;;
;;;
;;;
;;;
;;;
;;;
;;;
;;;
;;;
;;;
;;;
;;;
;;;
;;;
;;;
;;;
;;;
;;;
;;;
;;;
;;;
;;;
;;;
;;;
;;;
;;;
;;;
;;;
;;;
;;;
;;;
;;;
;;;
;;;
;;;
;;;
;;;
;;;
;;;
;;;
;;;
;;;
;;;
;;;
;;;
;;;
;;;
;;;
;;;
;;;
;;;
;;;
;;;
;;;
;;;
;;;
;;;
;;;
;;;
;;;
;;;
;;;
;;;
;;;
;;;
;;;
;;;
;;;
;;;
;;;
;;;
;;;
;;;
;;;
;;;
;;;
;;;
;;;
;;;
;;;
;;;
;;;
;;;
;;;
;;;
;;;
;;;
;;;
;;;
;;;
;;;
;;;
;;;
;;;
;;;
;;;
;;;
;;;
;;;
;;;
;;;
;;;
;;;
;;;
;;;
;;;
;;;
;;;
;;;
;;;
;;;
;;;
;;;
;;;
;;;
;;;
;;;
;;;
;;;
;;;
;;;
;;;
;;;
;;;
;;;
;;;
;;;
;;;
;;;
;;;
;;;
;;;
;;;
;;;
;;;
;;;
;;;
;;;
;;;
;;;
;;;
;;;
;;;
;;;
;;;
;;;
;;;
;;;
;;;
;;;
;;;
;;;
;;;
;;;
;;;
;;;
;;;
;;;
;;;
;;;
;;;
;;;
;;;
;;;
;;;
;;;
;;;
;;;
;;;
;;;
;;;
;;;
;;;
;;;
;;;
;;;
;;;
;;;
;;;
;;;
;;;
;;;
;;;
;;;
;;;
;;;
;;;
;;;
;;;
;;;
;;;
;;;
;;;
;;;
;;;
;;;
;;;
;;;
;;;
;;;
;;;
;;;
;;;
;;;
;;;
;;;
;;;
;;;
;;;
;;;
;;;
;;;
;;;
;;;
;;;
;;;
;;;
;;;
;;;
;;;
;;;
;;;
;;;
;;;
;;;
;;;
;;;
;;;
;;;
;;;
;;;
;;;
;;;
;;;
;;;
;;;
;;;
;;;
;;;
;;;
;;;
;;;
;;;
;;;
;;;
;;;
;;;
;;;
;;;
;;;
;;;
;;;
;;;
;;;
;;;
;;;
;;;
;;;
;;;
;;;
;;;
;;;
;;;
;;;
;;;
;;;
;;;
;;;
;;;
;;;
;;;
;;;
;;;
;;;
;;;
;;;
;;;
;;;
;;;
;;;
;;;
;;;
;;;
;;;
;;;
;;;
;;;
;;;
;;;
;;;
;;;
;;;
;;;
;;;
;;;
;;;
;;;
;;;
;;;
;;;
;;;
;;;
;;;
;;;
;;;
;;;
;;;
;;;
;;;
;;;
;;;
;;;
;;;
;;;
;;;
;;;
;;;
;;;
;;;
;;;
;;;
;;;
;;;
;;;
;;;
;;;
;;;
;;;
;;;
;;;
;;;
;;;
;;;
;;;
;;;
;;;
;;;
;;;
;;;
;;;
;;;
;;;
;;;
;;;
;;;
;;;
;;;
;;;
;;;
;;;
;;;
;;;
;;;
;;;
;;;
;;;
;;;
;;;
;;;
;;;
;;;
;;;
;;;
;;;
;;;
;;;
;;;
;;;
;;;
;;;
