converter_id;value_type;year;value
417;electricity_output_slot_conversion;2007;0.159016393442623
417;electricity_output_slot_conversion;2008;0.159016393442623
417;electricity_output_slot_conversion;2009;0.159016393442623
417;electricity_output_slot_conversion;2010;0.159016393442623
417;electricity_output_slot_conversion;2011;0.161734055856607
417;electricity_output_slot_conversion;2012;0.164546225614928
417;electricity_output_slot_conversion;2013;0.167457919723781
417;electricity_output_slot_conversion;2014;0.170474516695958
417;electricity_output_slot_conversion;2015;0.173601789709172
417;electricity_output_slot_conversion;2016;0.176845943482224
417;electricity_output_slot_conversion;2017;0.180213655364608
417;electricity_output_slot_conversion;2018;0.183712121212121
417;electricity_output_slot_conversion;2019;0.187349106711733
417;electricity_output_slot_conversion;2020;0.191133004926108
417;electricity_output_slot_conversion;2021;0.195072900955254
417;electricity_output_slot_conversion;2022;0.19917864476386
417;electricity_output_slot_conversion;2023;0.203460933403251
417;electricity_output_slot_conversion;2024;0.207931404072883
417;electricity_output_slot_conversion;2025;0.212602739726027
417;electricity_output_slot_conversion;2026;0.217488789237668
417;electricity_output_slot_conversion;2027;0.222604704532415
417;electricity_output_slot_conversion;2028;0.227967097532315
417;electricity_output_slot_conversion;2029;0.233594220349187
417;electricity_output_slot_conversion;2030;0.239506172839506
417;electricity_output_slot_conversion;2031;0.24572514249525
417;electricity_output_slot_conversion;2032;0.252275682704811
417;electricity_output_slot_conversion;2033;0.259185036740147
417;electricity_output_slot_conversion;2034;0.266483516483517
417;electricity_output_slot_conversion;2035;0.274204946996467
417;electricity_output_slot_conversion;2036;0.282387190684134
417;electricity_output_slot_conversion;2037;0.291072768192048
417;electricity_output_slot_conversion;2038;0.30030959752322
417;electricity_output_slot_conversion;2039;0.310151878497202
417;electricity_output_slot_conversion;2040;0.320661157024794
417;electricity_output_slot_conversion;2041;0.331907613344739
417;electricity_output_slot_conversion;2042;0.343971631205674
417;electricity_output_slot_conversion;2043;0.356945722171113
417;electricity_output_slot_conversion;2044;0.37093690248566
417;electricity_output_slot_conversion;2045;0.386069651741294
417;electricity_output_slot_conversion;2046;0.402489626556017
417;electricity_output_slot_conversion;2047;0.420368364030336
417;electricity_output_slot_conversion;2048;0.439909297052155
417;electricity_output_slot_conversion;2049;0.461355529131986
417;electricity_output_slot_conversion;2050;0.485
417;useable_heat_output_slot_conversion;2007;0.810983606557377
417;useable_heat_output_slot_conversion;2008;0.810983606557377
417;useable_heat_output_slot_conversion;2009;0.810983606557377
417;useable_heat_output_slot_conversion;2010;0.810983606557377
417;useable_heat_output_slot_conversion;2011;0.808265944143393
417;useable_heat_output_slot_conversion;2012;0.805453774385072
417;useable_heat_output_slot_conversion;2013;0.802542080276219
417;useable_heat_output_slot_conversion;2014;0.799525483304042
417;useable_heat_output_slot_conversion;2015;0.796398210290828
417;useable_heat_output_slot_conversion;2016;0.793154056517776
417;useable_heat_output_slot_conversion;2017;0.789786344635392
417;useable_heat_output_slot_conversion;2018;0.786287878787879
417;useable_heat_output_slot_conversion;2019;0.782650893288267
417;useable_heat_output_slot_conversion;2020;0.778866995073892
417;useable_heat_output_slot_conversion;2021;0.774927099044746
417;useable_heat_output_slot_conversion;2022;0.77082135523614
417;useable_heat_output_slot_conversion;2023;0.766539066596749
417;useable_heat_output_slot_conversion;2024;0.762068595927117
417;useable_heat_output_slot_conversion;2025;0.757397260273973
417;useable_heat_output_slot_conversion;2026;0.752511210762332
417;useable_heat_output_slot_conversion;2027;0.747395295467585
417;useable_heat_output_slot_conversion;2028;0.742032902467685
417;useable_heat_output_slot_conversion;2029;0.736405779650813
417;useable_heat_output_slot_conversion;2030;0.730493827160494
417;useable_heat_output_slot_conversion;2031;0.72427485750475
417;useable_heat_output_slot_conversion;2032;0.717724317295188
417;useable_heat_output_slot_conversion;2033;0.710814963259853
417;useable_heat_output_slot_conversion;2034;0.703516483516483
417;useable_heat_output_slot_conversion;2035;0.695795053003534
417;useable_heat_output_slot_conversion;2036;0.687612809315866
417;useable_heat_output_slot_conversion;2037;0.678927231807952
417;useable_heat_output_slot_conversion;2038;0.66969040247678
417;useable_heat_output_slot_conversion;2039;0.659848121502798
417;useable_heat_output_slot_conversion;2040;0.649338842975206
417;useable_heat_output_slot_conversion;2041;0.638092386655261
417;useable_heat_output_slot_conversion;2042;0.626028368794326
417;useable_heat_output_slot_conversion;2043;0.613054277828887
417;useable_heat_output_slot_conversion;2044;0.59906309751434
417;useable_heat_output_slot_conversion;2045;0.583930348258706
417;useable_heat_output_slot_conversion;2046;0.567510373443983
417;useable_heat_output_slot_conversion;2047;0.549631635969664
417;useable_heat_output_slot_conversion;2048;0.530090702947845
417;useable_heat_output_slot_conversion;2049;0.508644470868014
417;useable_heat_output_slot_conversion;2050;0.485
417;link_to_national_gas_network;2007;0.163934426229508
417;link_to_national_gas_network;2008;0.163934426229508
417;link_to_national_gas_network;2009;0.163934426229508
417;link_to_national_gas_network;2010;0.163934426229508
417;link_to_national_gas_network;2011;0.166736140058358
417;link_to_national_gas_network;2012;0.169635284139101
417;link_to_national_gas_network;2013;0.172637030643073
417;link_to_national_gas_network;2014;0.175746924428823
417;link_to_national_gas_network;2015;0.178970917225951
417;link_to_national_gas_network;2016;0.182315405651778
417;link_to_national_gas_network;2017;0.18578727357176
417;link_to_national_gas_network;2018;0.189393939393939
417;link_to_national_gas_network;2019;0.193143408981169
417;link_to_national_gas_network;2020;0.197044334975369
417;link_to_national_gas_network;2021;0.201106083459025
417;link_to_national_gas_network;2022;0.205338809034908
417;link_to_national_gas_network;2023;0.209753539590981
417;link_to_national_gas_network;2024;0.214362272240086
417;link_to_national_gas_network;2025;0.219178082191781
417;link_to_national_gas_network;2026;0.224215246636771
417;link_to_national_gas_network;2027;0.229489386115892
417;link_to_national_gas_network;2028;0.235017626321974
417;link_to_national_gas_network;2029;0.240818783865142
417;link_to_national_gas_network;2030;0.246913580246914
417;link_to_national_gas_network;2031;0.253324889170361
417;link_to_national_gas_network;2032;0.260078023407022
417;link_to_national_gas_network;2033;0.267201068804275
417;link_to_national_gas_network;2034;0.274725274725275
417;link_to_national_gas_network;2035;0.282685512367491
417;link_to_national_gas_network;2036;0.291120815138283
417;link_to_national_gas_network;2037;0.300075018754689
417;link_to_national_gas_network;2038;0.309597523219814
417;link_to_national_gas_network;2039;0.319744204636291
417;link_to_national_gas_network;2040;0.330578512396694
417;link_to_national_gas_network;2041;0.342172797262618
417;link_to_national_gas_network;2042;0.354609929078014
417;link_to_national_gas_network;2043;0.367985280588777
417;link_to_national_gas_network;2044;0.382409177820268
417;link_to_national_gas_network;2045;0.398009950248756
417;link_to_national_gas_network;2046;0.4149377593361
417;link_to_national_gas_network;2047;0.433369447453955
417;link_to_national_gas_network;2048;0.453514739229025
417;link_to_national_gas_network;2049;0.475624256837099
417;link_to_national_gas_network;2050;0.5
417;loss_output_slot_conversion;2007;0.03
417;loss_output_slot_conversion;2008;0.03
417;loss_output_slot_conversion;2009;0.03
417;loss_output_slot_conversion;2010;0.03
417;loss_output_slot_conversion;2011;0.03
417;loss_output_slot_conversion;2012;0.03
417;loss_output_slot_conversion;2013;0.03
417;loss_output_slot_conversion;2014;0.03
417;loss_output_slot_conversion;2015;0.03
417;loss_output_slot_conversion;2016;0.03
417;loss_output_slot_conversion;2017;0.03
417;loss_output_slot_conversion;2018;0.03
417;loss_output_slot_conversion;2019;0.03
417;loss_output_slot_conversion;2020;0.03
417;loss_output_slot_conversion;2021;0.03
417;loss_output_slot_conversion;2022;0.03
417;loss_output_slot_conversion;2023;0.03
417;loss_output_slot_conversion;2024;0.03
417;loss_output_slot_conversion;2025;0.03
417;loss_output_slot_conversion;2026;0.03
417;loss_output_slot_conversion;2027;0.03
417;loss_output_slot_conversion;2028;0.03
417;loss_output_slot_conversion;2029;0.03
417;loss_output_slot_conversion;2030;0.03
417;loss_output_slot_conversion;2031;0.03
417;loss_output_slot_conversion;2032;0.03
417;loss_output_slot_conversion;2033;0.03
417;loss_output_slot_conversion;2034;0.03
417;loss_output_slot_conversion;2035;0.03
417;loss_output_slot_conversion;2036;0.03
417;loss_output_slot_conversion;2037;0.03
417;loss_output_slot_conversion;2038;0.03
417;loss_output_slot_conversion;2039;0.03
417;loss_output_slot_conversion;2040;0.03
417;loss_output_slot_conversion;2041;0.03
417;loss_output_slot_conversion;2042;0.03
417;loss_output_slot_conversion;2043;0.03
417;loss_output_slot_conversion;2044;0.03
417;loss_output_slot_conversion;2045;0.03
417;loss_output_slot_conversion;2046;0.03
417;loss_output_slot_conversion;2047;0.03
417;loss_output_slot_conversion;2048;0.03
417;loss_output_slot_conversion;2049;0.03
417;loss_output_slot_conversion;2050;0.03
376;electricity_output_slot_conversion;2007;0.159016393442623
376;electricity_output_slot_conversion;2008;0.159016393442623
376;electricity_output_slot_conversion;2009;0.159016393442623
376;electricity_output_slot_conversion;2010;0.159016393442623
376;electricity_output_slot_conversion;2011;0.161734055856607
376;electricity_output_slot_conversion;2012;0.164546225614928
376;electricity_output_slot_conversion;2013;0.167457919723781
376;electricity_output_slot_conversion;2014;0.170474516695958
376;electricity_output_slot_conversion;2015;0.173601789709172
376;electricity_output_slot_conversion;2016;0.176845943482224
376;electricity_output_slot_conversion;2017;0.180213655364608
376;electricity_output_slot_conversion;2018;0.183712121212121
376;electricity_output_slot_conversion;2019;0.187349106711733
376;electricity_output_slot_conversion;2020;0.191133004926108
376;electricity_output_slot_conversion;2021;0.195072900955254
376;electricity_output_slot_conversion;2022;0.19917864476386
376;electricity_output_slot_conversion;2023;0.203460933403251
376;electricity_output_slot_conversion;2024;0.207931404072883
376;electricity_output_slot_conversion;2025;0.212602739726027
376;electricity_output_slot_conversion;2026;0.217488789237668
376;electricity_output_slot_conversion;2027;0.222604704532415
376;electricity_output_slot_conversion;2028;0.227967097532315
376;electricity_output_slot_conversion;2029;0.233594220349187
376;electricity_output_slot_conversion;2030;0.239506172839506
376;electricity_output_slot_conversion;2031;0.24572514249525
376;electricity_output_slot_conversion;2032;0.252275682704811
376;electricity_output_slot_conversion;2033;0.259185036740147
376;electricity_output_slot_conversion;2034;0.266483516483517
376;electricity_output_slot_conversion;2035;0.274204946996467
376;electricity_output_slot_conversion;2036;0.282387190684134
376;electricity_output_slot_conversion;2037;0.291072768192048
376;electricity_output_slot_conversion;2038;0.30030959752322
376;electricity_output_slot_conversion;2039;0.310151878497202
376;electricity_output_slot_conversion;2040;0.320661157024794
376;electricity_output_slot_conversion;2041;0.331907613344739
376;electricity_output_slot_conversion;2042;0.343971631205674
376;electricity_output_slot_conversion;2043;0.356945722171113
376;electricity_output_slot_conversion;2044;0.37093690248566
376;electricity_output_slot_conversion;2045;0.386069651741294
376;electricity_output_slot_conversion;2046;0.402489626556017
376;electricity_output_slot_conversion;2047;0.420368364030336
376;electricity_output_slot_conversion;2048;0.439909297052155
376;electricity_output_slot_conversion;2049;0.461355529131986
376;electricity_output_slot_conversion;2050;0.485
376;hot_water_output_slot_conversion;2007;0.810983606557377
376;hot_water_output_slot_conversion;2008;0.810983606557377
376;hot_water_output_slot_conversion;2009;0.810983606557377
376;hot_water_output_slot_conversion;2010;0.810983606557377
376;hot_water_output_slot_conversion;2011;0.808265944143393
376;hot_water_output_slot_conversion;2012;0.805453774385072
376;hot_water_output_slot_conversion;2013;0.802542080276219
376;hot_water_output_slot_conversion;2014;0.799525483304042
376;hot_water_output_slot_conversion;2015;0.796398210290828
376;hot_water_output_slot_conversion;2016;0.793154056517776
376;hot_water_output_slot_conversion;2017;0.789786344635392
376;hot_water_output_slot_conversion;2018;0.786287878787879
376;hot_water_output_slot_conversion;2019;0.782650893288267
376;hot_water_output_slot_conversion;2020;0.778866995073892
376;hot_water_output_slot_conversion;2021;0.774927099044746
376;hot_water_output_slot_conversion;2022;0.77082135523614
376;hot_water_output_slot_conversion;2023;0.766539066596749
376;hot_water_output_slot_conversion;2024;0.762068595927117
376;hot_water_output_slot_conversion;2025;0.757397260273973
376;hot_water_output_slot_conversion;2026;0.752511210762332
376;hot_water_output_slot_conversion;2027;0.747395295467585
376;hot_water_output_slot_conversion;2028;0.742032902467685
376;hot_water_output_slot_conversion;2029;0.736405779650813
376;hot_water_output_slot_conversion;2030;0.730493827160494
376;hot_water_output_slot_conversion;2031;0.72427485750475
376;hot_water_output_slot_conversion;2032;0.717724317295188
376;hot_water_output_slot_conversion;2033;0.710814963259853
376;hot_water_output_slot_conversion;2034;0.703516483516483
376;hot_water_output_slot_conversion;2035;0.695795053003534
376;hot_water_output_slot_conversion;2036;0.687612809315866
376;hot_water_output_slot_conversion;2037;0.678927231807952
376;hot_water_output_slot_conversion;2038;0.66969040247678
376;hot_water_output_slot_conversion;2039;0.659848121502798
376;hot_water_output_slot_conversion;2040;0.649338842975206
376;hot_water_output_slot_conversion;2041;0.638092386655261
376;hot_water_output_slot_conversion;2042;0.626028368794326
376;hot_water_output_slot_conversion;2043;0.613054277828887
376;hot_water_output_slot_conversion;2044;0.59906309751434
376;hot_water_output_slot_conversion;2045;0.583930348258706
376;hot_water_output_slot_conversion;2046;0.567510373443983
376;hot_water_output_slot_conversion;2047;0.549631635969664
376;hot_water_output_slot_conversion;2048;0.530090702947845
376;hot_water_output_slot_conversion;2049;0.508644470868014
376;hot_water_output_slot_conversion;2050;0.485
376;link_to_national_gas_network;2007;0.163934426229508
376;link_to_national_gas_network;2008;0.163934426229508
376;link_to_national_gas_network;2009;0.163934426229508
376;link_to_national_gas_network;2010;0.163934426229508
376;link_to_national_gas_network;2011;0.166736140058358
376;link_to_national_gas_network;2012;0.169635284139101
376;link_to_national_gas_network;2013;0.172637030643073
376;link_to_national_gas_network;2014;0.175746924428823
376;link_to_national_gas_network;2015;0.178970917225951
376;link_to_national_gas_network;2016;0.182315405651778
376;link_to_national_gas_network;2017;0.18578727357176
376;link_to_national_gas_network;2018;0.189393939393939
376;link_to_national_gas_network;2019;0.193143408981169
376;link_to_national_gas_network;2020;0.197044334975369
376;link_to_national_gas_network;2021;0.201106083459025
376;link_to_national_gas_network;2022;0.205338809034908
376;link_to_national_gas_network;2023;0.209753539590981
376;link_to_national_gas_network;2024;0.214362272240086
376;link_to_national_gas_network;2025;0.219178082191781
376;link_to_national_gas_network;2026;0.224215246636771
376;link_to_national_gas_network;2027;0.229489386115892
376;link_to_national_gas_network;2028;0.235017626321974
376;link_to_national_gas_network;2029;0.240818783865142
376;link_to_national_gas_network;2030;0.246913580246914
376;link_to_national_gas_network;2031;0.253324889170361
376;link_to_national_gas_network;2032;0.260078023407022
376;link_to_national_gas_network;2033;0.267201068804275
376;link_to_national_gas_network;2034;0.274725274725275
376;link_to_national_gas_network;2035;0.282685512367491
376;link_to_national_gas_network;2036;0.291120815138283
376;link_to_national_gas_network;2037;0.300075018754689
376;link_to_national_gas_network;2038;0.309597523219814
376;link_to_national_gas_network;2039;0.319744204636291
376;link_to_national_gas_network;2040;0.330578512396694
376;link_to_national_gas_network;2041;0.342172797262618
376;link_to_national_gas_network;2042;0.354609929078014
376;link_to_national_gas_network;2043;0.367985280588777
376;link_to_national_gas_network;2044;0.382409177820268
376;link_to_national_gas_network;2045;0.398009950248756
376;link_to_national_gas_network;2046;0.4149377593361
376;link_to_national_gas_network;2047;0.433369447453955
376;link_to_national_gas_network;2048;0.453514739229025
376;link_to_national_gas_network;2049;0.475624256837099
376;link_to_national_gas_network;2050;0.5
376;loss_output_slot_conversion;2007;0.03
376;loss_output_slot_conversion;2008;0.03
376;loss_output_slot_conversion;2009;0.03
376;loss_output_slot_conversion;2010;0.03
376;loss_output_slot_conversion;2011;0.03
376;loss_output_slot_conversion;2012;0.03
376;loss_output_slot_conversion;2013;0.03
376;loss_output_slot_conversion;2014;0.03
376;loss_output_slot_conversion;2015;0.03
376;loss_output_slot_conversion;2016;0.03
376;loss_output_slot_conversion;2017;0.03
376;loss_output_slot_conversion;2018;0.03
376;loss_output_slot_conversion;2019;0.03
376;loss_output_slot_conversion;2020;0.03
376;loss_output_slot_conversion;2021;0.03
376;loss_output_slot_conversion;2022;0.03
376;loss_output_slot_conversion;2023;0.03
376;loss_output_slot_conversion;2024;0.03
376;loss_output_slot_conversion;2025;0.03
376;loss_output_slot_conversion;2026;0.03
376;loss_output_slot_conversion;2027;0.03
376;loss_output_slot_conversion;2028;0.03
376;loss_output_slot_conversion;2029;0.03
376;loss_output_slot_conversion;2030;0.03
376;loss_output_slot_conversion;2031;0.03
376;loss_output_slot_conversion;2032;0.03
376;loss_output_slot_conversion;2033;0.03
376;loss_output_slot_conversion;2034;0.03
376;loss_output_slot_conversion;2035;0.03
376;loss_output_slot_conversion;2036;0.03
376;loss_output_slot_conversion;2037;0.03
376;loss_output_slot_conversion;2038;0.03
376;loss_output_slot_conversion;2039;0.03
376;loss_output_slot_conversion;2040;0.03
376;loss_output_slot_conversion;2041;0.03
376;loss_output_slot_conversion;2042;0.03
376;loss_output_slot_conversion;2043;0.03
376;loss_output_slot_conversion;2044;0.03
376;loss_output_slot_conversion;2045;0.03
376;loss_output_slot_conversion;2046;0.03
376;loss_output_slot_conversion;2047;0.03
376;loss_output_slot_conversion;2048;0.03
376;loss_output_slot_conversion;2049;0.03
376;loss_output_slot_conversion;2050;0.03
100;preset_demand;2008;0
100;preset_demand;2009;0
100;preset_demand;2010;0
100;preset_demand;2011;0
100;preset_demand;2012;0
100;preset_demand;2013;0
100;preset_demand;2014;0
100;preset_demand;2015;0
100;preset_demand;2016;0
100;preset_demand;2017;0
100;preset_demand;2018;0
100;preset_demand;2019;0
100;preset_demand;2020;0
100;preset_demand;2021;0
100;preset_demand;2022;0
100;preset_demand;2023;0
100;preset_demand;2024;0
100;preset_demand;2025;0
100;preset_demand;2026;0
100;preset_demand;2027;0
100;preset_demand;2028;0
100;preset_demand;2029;0
100;preset_demand;2030;0
100;preset_demand;2031;0
100;preset_demand;2032;0
100;preset_demand;2033;0
100;preset_demand;2034;0
100;preset_demand;2035;0
100;preset_demand;2036;0
100;preset_demand;2037;0
100;preset_demand;2038;0
100;preset_demand;2039;0
100;preset_demand;2040;0
100;preset_demand;2041;0
100;preset_demand;2042;0
100;preset_demand;2043;0
100;preset_demand;2044;0
100;preset_demand;2045;0
100;preset_demand;2046;0
100;preset_demand;2047;0
100;preset_demand;2048;0
100;preset_demand;2049;0
100;preset_demand;2050;0
101;preset_demand;2008;45500049000
101;preset_demand;2009;44344492200
101;preset_demand;2010;43265972520
101;preset_demand;2011;42264489960
101;preset_demand;2012;41282266680
101;preset_demand;2013;40386710160
101;preset_demand;2014;39558561120
101;preset_demand;2015;38768930640
101;preset_demand;2016;38056337280
101;preset_demand;2017;37343743920
101;preset_demand;2018;36717817320
101;preset_demand;2019;36130409280
101;preset_demand;2020;35591149440
101;preset_demand;2021;35059938254.3284
101;preset_demand;2022;34536655593.816
101;preset_demand;2023;34021183122.2665
101;preset_demand;2024;33513404269.6954
101;preset_demand;2025;33013204205.9686
101;preset_demand;2026;32520469814.8347
101;preset_demand;2027;32035089668.3446
101;preset_demand;2028;31556954001.6529
101;preset_demand;2029;31085954688.1954
101;preset_demand;2030;30621985215.2373
101;preset_demand;2031;30164940659.786
101;preset_demand;2032;29714717664.8638
101;preset_demand;2033;29271214416.1345
101;preset_demand;2034;28834330618.8787
101;preset_demand;2035;28787456954.3381
101;preset_demand;2036;28740659488.564
101;preset_demand;2037;28693938097.6862
101;preset_demand;2038;28647292658.0358
101;preset_demand;2039;28600723046.145
101;preset_demand;2040;28554229138.7468
101;preset_demand;2041;28507810812.7742
101;preset_demand;2042;28461467945.3608
101;preset_demand;2043;28415200413.8394
101;preset_demand;2044;28369008095.7427
101;preset_demand;2045;28322890868.8021
101;preset_demand;2046;28276848610.9479
101;preset_demand;2047;28230881200.309
101;preset_demand;2048;28184988515.2122
101;preset_demand;2049;28139170434.1821
101;preset_demand;2050;28093426835.9409
102;preset_demand;2007;34624836000
102;preset_demand;2008;38979108000
102;preset_demand;2009;10401267240
102;preset_demand;2010;9829769040
102;preset_demand;2011;9524970000
102;preset_demand;2012;9258270840
102;preset_demand;2013;9410670360
102;preset_demand;2014;9334470600
102;preset_demand;2015;8915371920
102;preset_demand;2016;8915371920
102;preset_demand;2017;8877272040
102;preset_demand;2018;9029671560
102;preset_demand;2019;9220170960
102;preset_demand;2020;9600000000
102;preset_demand;2021;8640000000
102;preset_demand;2022;6912000000
102;preset_demand;2023;6220800000
102;preset_demand;2024;3110400000
102;preset_demand;2025;2760528059.33251
102;preset_demand;2026;2450011306.05778
102;preset_demand;2027;1225005653.02889
102;preset_demand;2028;1087211444.83899
102;preset_demand;2029;964916955.988125
102;preset_demand;2030;856378707.539523
102;preset_demand;2031;760049334.997994
102;preset_demand;2032;674555528.465463
102;preset_demand;2033;598678454.188136
102;preset_demand;2034;531336378.37711
102;preset_demand;2035;471569245.580673
102;preset_demand;2036;418524991.751451
102;preset_demand;2037;371447396.882004
102;preset_demand;2038;329665304.031247
102;preset_demand;2039;247248978.023435
102;preset_demand;2040;185436733.517577
102;preset_demand;2041;139077550.138182
102;preset_demand;2042;104308162.603637
102;preset_demand;2043;78231121.9527276
102;preset_demand;2044;58673341.4645457
102;preset_demand;2045;44005006.0984093
102;preset_demand;2046;33003754.573807
102;preset_demand;2047;24752815.9303552
102;preset_demand;2048;18564611.9477664
102;preset_demand;2049;13923458.9608248
102;preset_demand;2050;10442594.2206186
104;preset_demand;2007;93826188000
104;preset_demand;2008;94956624000
104;preset_demand;2009;71129545200
104;preset_demand;2010;65854177200
104;preset_demand;2011;61106346000
104;preset_demand;2012;56886051600
104;preset_demand;2013;52929525600
104;preset_demand;2014;48577347000
104;preset_demand;2015;44752705200
104;preset_demand;2016;41455600200
104;preset_demand;2017;38290379400
104;preset_demand;2018;35564772600
104;preset_demand;2019;31564285200
104;preset_demand;2020;26376840000
104;preset_demand;2021;24331657423.0331
104;preset_demand;2022;22527084561.0034
104;preset_demand;2023;20902968985.1767
104;preset_demand;2024;19459310695.553
104;preset_demand;2025;18105881049.0308
104;preset_demand;2026;16617108437.8563
104;preset_demand;2027;15308793112.8848
104;preset_demand;2028;14180935074.1163
104;preset_demand;2029;13098191356.8985
104;preset_demand;2030;12165828711.5165
104;preset_demand;2031;10797360957.8107
104;preset_demand;2032;9022864310.14823
104;preset_demand;2033;8323257955.4275
104;preset_demand;2034;7705958230.67392
104;preset_demand;2035;7150388478.39569
104;preset_demand;2036;6656548698.59282
104;preset_demand;2037;6193573905.02763
104;preset_demand;2038;5684301632.10593
104;preset_demand;2039;5236759331.65958
104;preset_demand;2040;4850947003.68859
104;preset_demand;2041;4480567168.83644
104;preset_demand;2042;4133157171.70887
104;preset_demand;2043;3826618938.94925
104;preset_demand;2044;3550734529.46559
104;preset_demand;2045;3305503943.2579
104;preset_demand;2046;3075600268.68818
104;preset_demand;2047;2822706226.6615
104;preset_demand;2048;2600466007.91077
104;preset_demand;2049;2408879612.43601
104;preset_demand;2050;2224956672.78024
106;preset_demand;2007;45594252000
106;preset_demand;2008;66430000000
106;preset_demand;2009;229855320000
106;preset_demand;2010;229855320000
106;preset_demand;2011;229855320000
106;preset_demand;2012;229855320000
106;preset_demand;2013;229855320000
106;preset_demand;2014;229855320000
106;preset_demand;2015;229855320000
106;preset_demand;2016;229855320000
106;preset_demand;2017;229855320000
106;preset_demand;2018;229855320000
106;preset_demand;2019;229855320000
106;preset_demand;2020;229855320000
106;preset_demand;2021;229855320000
106;preset_demand;2022;229855320000
106;preset_demand;2023;225258213600
106;preset_demand;2024;218500467192
106;preset_demand;2025;198835425144.72
106;preset_demand;2026;182928591133.142
106;preset_demand;2027;146342872906.514
106;preset_demand;2028;117074298325.211
106;preset_demand;2029;105366985566.988
106;preset_demand;2030;84293588453.5907
106;preset_demand;2031;75864313901.8201
106;preset_demand;2032;68283951656.7502
106;preset_demand;2033;61461019207.2077
106;preset_demand;2034;55357939999.932
106;preset_demand;2035;49860896557.9388
106;preset_demand;2036;44874806902.1449
106;preset_demand;2037;35899845521.7159
106;preset_demand;2038;28719876417.3727
106;preset_demand;2039;21539907313.0295
106;preset_demand;2040;19601315654.8569
106;preset_demand;2041;18033210402.4683
106;preset_demand;2042;14426568321.9747
106;preset_demand;2043;11541254657.5797
106;preset_demand;2044;10387140733.0764
106;preset_demand;2045;8309712586.46114
106;preset_demand;2046;7478749637.52761
106;preset_demand;2047;6731472973.74585
106;preset_demand;2048;6058864194.20917
106;preset_demand;2049;5457218979.7242
106;preset_demand;2050;4915317135.03758
133;preset_demand;2008;0
133;preset_demand;2009;0
133;preset_demand;2010;0
133;preset_demand;2011;0
133;preset_demand;2012;0
133;preset_demand;2013;0
133;preset_demand;2014;0
133;preset_demand;2015;0
133;preset_demand;2016;0
133;preset_demand;2017;0
133;preset_demand;2018;0
133;preset_demand;2019;0
133;preset_demand;2020;0
133;preset_demand;2021;0
133;preset_demand;2022;0
133;preset_demand;2023;0
133;preset_demand;2024;0
133;preset_demand;2025;0
133;preset_demand;2026;0
133;preset_demand;2027;0
133;preset_demand;2028;0
133;preset_demand;2029;0
133;preset_demand;2030;0
133;preset_demand;2031;0
133;preset_demand;2032;0
133;preset_demand;2033;0
133;preset_demand;2034;0
133;preset_demand;2035;0
133;preset_demand;2036;0
133;preset_demand;2037;0
133;preset_demand;2038;0
133;preset_demand;2039;0
133;preset_demand;2040;0
133;preset_demand;2041;0
133;preset_demand;2042;0
133;preset_demand;2043;0
133;preset_demand;2044;0
133;preset_demand;2045;0
133;preset_demand;2046;0
133;preset_demand;2047;0
133;preset_demand;2048;0
133;preset_demand;2049;0
133;preset_demand;2050;0
240;preset_demand;2007;0
240;preset_demand;2008;0
240;preset_demand;2009;0
240;preset_demand;2010;0
240;preset_demand;2011;0
240;preset_demand;2012;37897200000
240;preset_demand;2013;37897200000
240;preset_demand;2014;75787200000
240;preset_demand;2015;113684400000
240;preset_demand;2016;113684400000
240;preset_demand;2017;113684400000
240;preset_demand;2018;113684400000
240;preset_demand;2019;113684400000
240;preset_demand;2020;113684400000
240;preset_demand;2021;113684400000
240;preset_demand;2022;113684400000
240;preset_demand;2023;113684400000
240;preset_demand;2024;113684400000
240;preset_demand;2025;113684400000
240;preset_demand;2026;113684400000
240;preset_demand;2027;113684400000
240;preset_demand;2028;113684400000
240;preset_demand;2029;113684400000
240;preset_demand;2030;113684400000
240;preset_demand;2031;127713054960
240;preset_demand;2032;127713054960
240;preset_demand;2033;127713054960
240;preset_demand;2034;127713054960
240;preset_demand;2035;127713054960
240;preset_demand;2036;127713054960
240;preset_demand;2037;127713054960
240;preset_demand;2038;127713054960
240;preset_demand;2039;127713054960
240;preset_demand;2040;127713054960
240;preset_demand;2041;143472845942.064
240;preset_demand;2042;143472845942.064
240;preset_demand;2043;143472845942.064
240;preset_demand;2044;143472845942.064
240;preset_demand;2045;143472845942.064
240;preset_demand;2046;143472845942.064
240;preset_demand;2047;143472845942.064
240;preset_demand;2048;143472845942.064
240;preset_demand;2049;143472845942.064
240;preset_demand;2050;143472845942.064
272;preset_demand;2007;559858896000
272;preset_demand;2008;636602940000
272;preset_demand;2009;815827120128
272;preset_demand;2010;825610164480
272;preset_demand;2011;915860155392
272;preset_demand;2012;958473070848
272;preset_demand;2013;1048096046592
272;preset_demand;2014;1130693236992
272;preset_demand;2015;1219134530304
272;preset_demand;2016;1307897369856
272;preset_demand;2017;1403219752704
272;preset_demand;2018;1536902601984
272;preset_demand;2019;1626493423104
272;preset_demand;2020;1685971438848
272;preset_demand;2021;1685971438864.86
272;preset_demand;2022;1685971438881.72
272;preset_demand;2023;1685971438898.58
272;preset_demand;2024;1685971438915.44
272;preset_demand;2025;1517375980995.33
272;preset_demand;2026;1365639900271.78
272;preset_demand;2027;1229077275884.5
272;preset_demand;2028;1106170777373.33
272;preset_demand;2029;995554805806.774
272;preset_demand;2030;896000320780.902
272;preset_demand;2031;806401184703.133
272;preset_demand;2032;725825578327.596
272;preset_demand;2033;653301086541.103
272;preset_demand;2034;588428288647.571
272;preset_demand;2035;529997359584.867
272;preset_demand;2036;476997623626.38
272;preset_demand;2037;381598098901.104
272;preset_demand;2038;305278479120.884
272;preset_demand;2039;308331263912.092
272;preset_demand;2040;309582163849.784
272;preset_demand;2041;310838138688.522
272;preset_demand;2042;312099209017.182
272;preset_demand;2043;313365395508.164
272;preset_demand;2044;314636718917.741
272;preset_demand;2045;315913200086.39
272;preset_demand;2046;316860957693.702
272;preset_demand;2047;317811558627.857
272;preset_demand;2048;317824289205.461
272;preset_demand;2049;317837020293.014
272;preset_demand;2050;317837201460.116
;;;
;;;
;;;
;;;
;;;
;;;
;;;
;;;
441;purchase_price_per_mw_input;2007;12000000
441;purchase_price_per_mw_input;2008;12000000
441;purchase_price_per_mw_input;2009;12000000
441;purchase_price_per_mw_input;2010;12000000
441;purchase_price_per_mw_input;2011;12000000
441;purchase_price_per_mw_input;2012;10000000
441;purchase_price_per_mw_input;2013;8000000
441;purchase_price_per_mw_input;2014;6000000
441;purchase_price_per_mw_input;2015;4000000
441;purchase_price_per_mw_input;2016;3400000
441;purchase_price_per_mw_input;2017;3400000
441;purchase_price_per_mw_input;2018;3400000
441;purchase_price_per_mw_input;2019;3400000
441;purchase_price_per_mw_input;2020;3000000
441;purchase_price_per_mw_input;2021;3000000
441;purchase_price_per_mw_input;2022;3000000
441;purchase_price_per_mw_input;2023;3000000
441;purchase_price_per_mw_input;2024;3000000
441;purchase_price_per_mw_input;2025;3000000
441;purchase_price_per_mw_input;2026;3000000
441;purchase_price_per_mw_input;2027;3000000
441;purchase_price_per_mw_input;2028;3000000
441;purchase_price_per_mw_input;2029;3000000
441;purchase_price_per_mw_input;2030;2600000
441;purchase_price_per_mw_input;2031;2600000
441;purchase_price_per_mw_input;2032;2600000
441;purchase_price_per_mw_input;2033;2600000
441;purchase_price_per_mw_input;2034;2600000
441;purchase_price_per_mw_input;2035;2600000
441;purchase_price_per_mw_input;2036;2600000
441;purchase_price_per_mw_input;2037;2600000
441;purchase_price_per_mw_input;2038;2600000
441;purchase_price_per_mw_input;2039;2600000
441;purchase_price_per_mw_input;2040;2200000
441;purchase_price_per_mw_input;2041;2200000
441;purchase_price_per_mw_input;2042;2200000
441;purchase_price_per_mw_input;2043;2200000
441;purchase_price_per_mw_input;2044;2200000
441;purchase_price_per_mw_input;2045;2200000
441;purchase_price_per_mw_input;2046;2200000
441;purchase_price_per_mw_input;2047;2200000
441;purchase_price_per_mw_input;2048;2200000
441;purchase_price_per_mw_input;2049;2200000
441;purchase_price_per_mw_input;2050;2200000
441;operation_and_maintenance_cost_fixed_per_mw_input;2007;200000
441;operation_and_maintenance_cost_fixed_per_mw_input;2008;200000
441;operation_and_maintenance_cost_fixed_per_mw_input;2009;200000
441;operation_and_maintenance_cost_fixed_per_mw_input;2010;200000
441;operation_and_maintenance_cost_fixed_per_mw_input;2011;200000
441;operation_and_maintenance_cost_fixed_per_mw_input;2012;160000
441;operation_and_maintenance_cost_fixed_per_mw_input;2013;120000
441;operation_and_maintenance_cost_fixed_per_mw_input;2014;100000
441;operation_and_maintenance_cost_fixed_per_mw_input;2015;80000
441;operation_and_maintenance_cost_fixed_per_mw_input;2016;80000
441;operation_and_maintenance_cost_fixed_per_mw_input;2017;80000
441;operation_and_maintenance_cost_fixed_per_mw_input;2018;80000
441;operation_and_maintenance_cost_fixed_per_mw_input;2019;80000
441;operation_and_maintenance_cost_fixed_per_mw_input;2020;80000
441;operation_and_maintenance_cost_fixed_per_mw_input;2021;80000
441;operation_and_maintenance_cost_fixed_per_mw_input;2022;80000
441;operation_and_maintenance_cost_fixed_per_mw_input;2023;80000
441;operation_and_maintenance_cost_fixed_per_mw_input;2024;80000
441;operation_and_maintenance_cost_fixed_per_mw_input;2025;80000
441;operation_and_maintenance_cost_fixed_per_mw_input;2026;80000
441;operation_and_maintenance_cost_fixed_per_mw_input;2027;80000
441;operation_and_maintenance_cost_fixed_per_mw_input;2028;80000
441;operation_and_maintenance_cost_fixed_per_mw_input;2029;80000
441;operation_and_maintenance_cost_fixed_per_mw_input;2030;80000
441;operation_and_maintenance_cost_fixed_per_mw_input;2031;80000
441;operation_and_maintenance_cost_fixed_per_mw_input;2032;80000
441;operation_and_maintenance_cost_fixed_per_mw_input;2033;80000
441;operation_and_maintenance_cost_fixed_per_mw_input;2034;80000
441;operation_and_maintenance_cost_fixed_per_mw_input;2035;80000
441;operation_and_maintenance_cost_fixed_per_mw_input;2036;80000
441;operation_and_maintenance_cost_fixed_per_mw_input;2037;80000
441;operation_and_maintenance_cost_fixed_per_mw_input;2038;80000
441;operation_and_maintenance_cost_fixed_per_mw_input;2039;80000
441;operation_and_maintenance_cost_fixed_per_mw_input;2040;80000
441;operation_and_maintenance_cost_fixed_per_mw_input;2041;80000
441;operation_and_maintenance_cost_fixed_per_mw_input;2042;80000
441;operation_and_maintenance_cost_fixed_per_mw_input;2043;80000
441;operation_and_maintenance_cost_fixed_per_mw_input;2044;80000
441;operation_and_maintenance_cost_fixed_per_mw_input;2045;80000
441;operation_and_maintenance_cost_fixed_per_mw_input;2046;80000
441;operation_and_maintenance_cost_fixed_per_mw_input;2047;80000
441;operation_and_maintenance_cost_fixed_per_mw_input;2048;80000
441;operation_and_maintenance_cost_fixed_per_mw_input;2049;80000
441;operation_and_maintenance_cost_fixed_per_mw_input;2050;80000
376;typical_nominal_input_capacity;2007;0.00628865979381443
376;typical_nominal_input_capacity;2008;0.00628865979381443
376;typical_nominal_input_capacity;2009;0.00628865979381443
376;typical_nominal_input_capacity;2010;0.00628865979381443
376;typical_nominal_input_capacity;2011;0.00618298969072165
376;typical_nominal_input_capacity;2012;0.00607731958762887
376;typical_nominal_input_capacity;2013;0.00597164948453608
376;typical_nominal_input_capacity;2014;0.0058659793814433
376;typical_nominal_input_capacity;2015;0.00576030927835052
376;typical_nominal_input_capacity;2016;0.00565463917525773
376;typical_nominal_input_capacity;2017;0.00554896907216495
376;typical_nominal_input_capacity;2018;0.00544329896907217
376;typical_nominal_input_capacity;2019;0.00533762886597938
376;typical_nominal_input_capacity;2020;0.0052319587628866
376;typical_nominal_input_capacity;2021;0.00512628865979381
376;typical_nominal_input_capacity;2022;0.00502061855670103
376;typical_nominal_input_capacity;2023;0.00491494845360825
376;typical_nominal_input_capacity;2024;0.00480927835051546
376;typical_nominal_input_capacity;2025;0.00470360824742268
376;typical_nominal_input_capacity;2026;0.0045979381443299
376;typical_nominal_input_capacity;2027;0.00449226804123711
376;typical_nominal_input_capacity;2028;0.00438659793814433
376;typical_nominal_input_capacity;2029;0.00428092783505155
376;typical_nominal_input_capacity;2030;0.00417525773195876
376;typical_nominal_input_capacity;2031;0.00406958762886598
376;typical_nominal_input_capacity;2032;0.0039639175257732
376;typical_nominal_input_capacity;2033;0.00385824742268041
376;typical_nominal_input_capacity;2034;0.00375257731958763
376;typical_nominal_input_capacity;2035;0.00364690721649485
376;typical_nominal_input_capacity;2036;0.00354123711340206
376;typical_nominal_input_capacity;2037;0.00343556701030928
376;typical_nominal_input_capacity;2038;0.00332989690721649
376;typical_nominal_input_capacity;2039;0.00322422680412371
376;typical_nominal_input_capacity;2040;0.00311855670103093
376;typical_nominal_input_capacity;2041;0.00301288659793815
376;typical_nominal_input_capacity;2042;0.00290721649484536
376;typical_nominal_input_capacity;2043;0.00280154639175258
376;typical_nominal_input_capacity;2044;0.0026958762886598
376;typical_nominal_input_capacity;2045;0.00259020618556701
376;typical_nominal_input_capacity;2046;0.00248453608247423
376;typical_nominal_input_capacity;2047;0.00237886597938144
376;typical_nominal_input_capacity;2048;0.00227319587628866
376;typical_nominal_input_capacity;2049;0.00216752577319588
376;typical_nominal_input_capacity;2050;0.00206185567010309
376;full_load_hours;2007;2500
376;full_load_hours;2008;2500
376;full_load_hours;2009;2500
376;full_load_hours;2010;2500
376;full_load_hours;2011;2637.5
376;full_load_hours;2012;2775
376;full_load_hours;2013;2912.5
376;full_load_hours;2014;3050
376;full_load_hours;2015;3187.5
376;full_load_hours;2016;3325
376;full_load_hours;2017;3462.5
376;full_load_hours;2018;3600
376;full_load_hours;2019;3737.5
376;full_load_hours;2020;3875
376;full_load_hours;2021;4012.5
376;full_load_hours;2022;4150
376;full_load_hours;2023;4287.5
376;full_load_hours;2024;4425
376;full_load_hours;2025;4562.5
376;full_load_hours;2026;4700
376;full_load_hours;2027;4837.5
376;full_load_hours;2028;4975
376;full_load_hours;2029;5112.5
376;full_load_hours;2030;5250
376;full_load_hours;2031;5387.5
376;full_load_hours;2032;5525
376;full_load_hours;2033;5662.5
376;full_load_hours;2034;5800
376;full_load_hours;2035;5937.5
376;full_load_hours;2036;6075
376;full_load_hours;2037;6212.5
376;full_load_hours;2038;6350
376;full_load_hours;2039;6487.5
376;full_load_hours;2040;6625
376;full_load_hours;2041;6762.5
376;full_load_hours;2042;6900
376;full_load_hours;2043;7037.5
376;full_load_hours;2044;7175
376;full_load_hours;2045;7312.5
376;full_load_hours;2046;7450
376;full_load_hours;2047;7587.5
376;full_load_hours;2048;7725
376;full_load_hours;2049;7862.5
376;full_load_hours;2050;8000
376;operation_and_maintenance_cost_fixed_per_mw_input;2007;0.0150708622509714
376;operation_and_maintenance_cost_fixed_per_mw_input;2008;0.0150708622509714
376;operation_and_maintenance_cost_fixed_per_mw_input;2009;0.0150708622509714
376;operation_and_maintenance_cost_fixed_per_mw_input;2010;0.0150708622509714
376;operation_and_maintenance_cost_fixed_per_mw_input;2011;0.014333209068555
376;operation_and_maintenance_cost_fixed_per_mw_input;2012;0.013670568518246
376;operation_and_maintenance_cost_fixed_per_mw_input;2013;0.0130724333726417
376;operation_and_maintenance_cost_fixed_per_mw_input;2014;0.0125302009072274
376;operation_and_maintenance_cost_fixed_per_mw_input;2015;0.0120367631682391
376;operation_and_maintenance_cost_fixed_per_mw_input;2016;0.0115861990404914
376;operation_and_maintenance_cost_fixed_per_mw_input;2017;0.011173539838542
376;operation_and_maintenance_cost_fixed_per_mw_input;2018;0.0107945887886152
376;operation_and_maintenance_cost_fixed_per_mw_input;2019;0.0104457805515289
376;operation_and_maintenance_cost_fixed_per_mw_input;2020;0.0101240708739367
376;operation_and_maintenance_cost_fixed_per_mw_input;2021;0.00982684917926912
376;operation_and_maintenance_cost_fixed_per_mw_input;2022;0.00955186882304608
376;operation_and_maintenance_cost_fixed_per_mw_input;2023;0.00929719110015534
376;operation_and_maintenance_cost_fixed_per_mw_input;2024;0.00906114007576978
376;operation_and_maintenance_cost_fixed_per_mw_input;2025;0.0088422660316312
376;operation_and_maintenance_cost_fixed_per_mw_input;2026;0.00863931585352849
376;operation_and_maintenance_cost_fixed_per_mw_input;2027;0.0084512090878783
376;operation_and_maintenance_cost_fixed_per_mw_input;2028;0.00827701870327703
376;operation_and_maintenance_cost_fixed_per_mw_input;2029;0.00811595583391094
376;operation_and_maintenance_cost_fixed_per_mw_input;2030;0.0079673579758082
376;operation_and_maintenance_cost_fixed_per_mw_input;2031;0.00783068026941807
376;operation_and_maintenance_cost_fixed_per_mw_input;2032;0.00770548964533496
376;operation_and_maintenance_cost_fixed_per_mw_input;2033;0.00759146174508703
376;operation_and_maintenance_cost_fixed_per_mw_input;2034;0.00748838066648234
376;operation_and_maintenance_cost_fixed_per_mw_input;2035;0.0073961417348324
376;operation_and_maintenance_cost_fixed_per_mw_input;2036;0.00731475768188215
376;operation_and_maintenance_cost_fixed_per_mw_input;2037;0.00724436884273886
376;operation_and_maintenance_cost_fixed_per_mw_input;2038;0.00718525828485761
376;operation_and_maintenance_cost_fixed_per_mw_input;2039;0.00713787320275507
376;operation_and_maintenance_cost_fixed_per_mw_input;2040;0.00710285450968558
376;operation_and_maintenance_cost_fixed_per_mw_input;2041;0.00708107743072817
376;operation_and_maintenance_cost_fixed_per_mw_input;2042;0.00707370720817606
376;operation_and_maintenance_cost_fixed_per_mw_input;2043;0.00708227603028377
376;operation_and_maintenance_cost_fixed_per_mw_input;2044;0.00710879043022615
376;operation_and_maintenance_cost_fixed_per_mw_input;2045;0.00715588344454324
376;operation_and_maintenance_cost_fixed_per_mw_input;2046;0.00722703415658276
376;operation_and_maintenance_cost_fixed_per_mw_input;2047;0.0073268914636782
376;operation_and_maintenance_cost_fixed_per_mw_input;2048;0.00746176399700256
376;operation_and_maintenance_cost_fixed_per_mw_input;2049;0.00764038420338054
376;operation_and_maintenance_cost_fixed_per_mw_input;2050;0.00787514318442153
376;purchase_price_per_mw_input;2007;277604.002063699
376;purchase_price_per_mw_input;2008;277604.002063699
376;purchase_price_per_mw_input;2009;185899.046214436
376;purchase_price_per_mw_input;2010;167558.055044583
376;purchase_price_per_mw_input;2011;154880.036338064
376;purchase_price_per_mw_input;2012;141098.942832519
376;purchase_price_per_mw_input;2013;126112.976808763
376;purchase_price_per_mw_input;2014;127219.788579073
376;purchase_price_per_mw_input;2015;132448.231930704
376;purchase_price_per_mw_input;2016;138006.867823363
376;purchase_price_per_mw_input;2017;143924.197096663
376;purchase_price_per_mw_input;2018;150231.874822996
376;purchase_price_per_mw_input;2019;156965.140273146
376;purchase_price_per_mw_input;2020;164163.317114449
376;purchase_price_per_mw_input;2021;171870.397317404
376;purchase_price_per_mw_input;2022;180135.725238633
376;purchase_price_per_mw_input;2023;189014.802099902
376;purchase_price_per_mw_input;2024;198570.235813122
376;purchase_price_per_mw_input;2025;208872.867099255
376;purchase_price_per_mw_input;2026;220003.110500532
376;purchase_price_per_mw_input;2027;232052.5587084
376;purchase_price_per_mw_input;2028;245125.91132507
376;purchase_price_per_mw_input;2029;259343.305700922
376;purchase_price_per_mw_input;2030;274843.149160089
376;purchase_price_per_mw_input;2031;291785.58057112
376;purchase_price_per_mw_input;2032;310356.727404865
376;purchase_price_per_mw_input;2033;330773.975785056
376;purchase_price_per_mw_input;2034;353292.540792541
376;purchase_price_per_mw_input;2035;378213.719995126
376;purchase_price_per_mw_input;2036;405895.345952554
376;purchase_price_per_mw_input;2037;436765.139838015
376;purchase_price_per_mw_input;2038;471337.933332408
376;purchase_price_per_mw_input;2039;510238.107985997
376;purchase_price_per_mw_input;2040;554229.160289767
376;purchase_price_per_mw_input;2041;604253.132227094
376;purchase_price_per_mw_input;2042;661483.906164758
376;purchase_price_per_mw_input;2043;727400.307190042
376;purchase_price_per_mw_input;2044;803888.023962731
376;purchase_price_per_mw_input;2045;893384.318079028
376;purchase_price_per_mw_input;2046;999087.72549366
376;purchase_price_per_mw_input;2047;1125269.04329344
376;purchase_price_per_mw_input;2048;1277744.84620958
376;purchase_price_per_mw_input;2049;1464620.72740313
376;purchase_price_per_mw_input;2050;1697500
417;operation_and_maintenance_cost_fixed_per_mw_input;2007;1336272.21380355
417;operation_and_maintenance_cost_fixed_per_mw_input;2008;1336272.21380355
417;operation_and_maintenance_cost_fixed_per_mw_input;2009;868576.93897231
417;operation_and_maintenance_cost_fixed_per_mw_input;2010;775037.884006061
417;operation_and_maintenance_cost_fixed_per_mw_input;2011;693145.953671172
417;operation_and_maintenance_cost_fixed_per_mw_input;2012;608406.212357717
417;operation_and_maintenance_cost_fixed_per_mw_input;2013;520667.481494108
417;operation_and_maintenance_cost_fixed_per_mw_input;2014;511423.550087873
417;operation_and_maintenance_cost_fixed_per_mw_input;2015;520805.369127517
417;operation_and_maintenance_cost_fixed_per_mw_input;2016;530537.830446673
417;operation_and_maintenance_cost_fixed_per_mw_input;2017;540640.966093822
417;operation_and_maintenance_cost_fixed_per_mw_input;2018;551136.363636364
417;operation_and_maintenance_cost_fixed_per_mw_input;2019;562047.320135201
417;operation_and_maintenance_cost_fixed_per_mw_input;2020;573399.014778325
417;operation_and_maintenance_cost_fixed_per_mw_input;2021;585218.702865762
417;operation_and_maintenance_cost_fixed_per_mw_input;2022;597535.934291581
417;operation_and_maintenance_cost_fixed_per_mw_input;2023;610382.800209754
417;operation_and_maintenance_cost_fixed_per_mw_input;2024;623794.21221865
417;operation_and_maintenance_cost_fixed_per_mw_input;2025;637808.219178082
417;operation_and_maintenance_cost_fixed_per_mw_input;2026;652466.367713005
417;operation_and_maintenance_cost_fixed_per_mw_input;2027;667814.113597246
417;operation_and_maintenance_cost_fixed_per_mw_input;2028;683901.292596945
417;operation_and_maintenance_cost_fixed_per_mw_input;2029;700782.661047562
417;operation_and_maintenance_cost_fixed_per_mw_input;2030;718518.518518519
417;operation_and_maintenance_cost_fixed_per_mw_input;2031;737175.427485751
417;operation_and_maintenance_cost_fixed_per_mw_input;2032;756827.048114435
417;operation_and_maintenance_cost_fixed_per_mw_input;2033;777555.110220441
417;operation_and_maintenance_cost_fixed_per_mw_input;2034;799450.54945055
417;operation_and_maintenance_cost_fixed_per_mw_input;2035;822614.8409894
417;operation_and_maintenance_cost_fixed_per_mw_input;2036;847161.572052402
417;operation_and_maintenance_cost_fixed_per_mw_input;2037;873218.304576144
417;operation_and_maintenance_cost_fixed_per_mw_input;2038;900928.79256966
417;operation_and_maintenance_cost_fixed_per_mw_input;2039;930455.635491607
417;operation_and_maintenance_cost_fixed_per_mw_input;2040;961983.471074381
417;operation_and_maintenance_cost_fixed_per_mw_input;2041;995722.840034218
417;operation_and_maintenance_cost_fixed_per_mw_input;2042;1031914.89361702
417;operation_and_maintenance_cost_fixed_per_mw_input;2043;1070837.16651334
417;operation_and_maintenance_cost_fixed_per_mw_input;2044;1112810.70745698
417;operation_and_maintenance_cost_fixed_per_mw_input;2045;1158208.95522388
417;operation_and_maintenance_cost_fixed_per_mw_input;2046;1207468.87966805
417;operation_and_maintenance_cost_fixed_per_mw_input;2047;1261105.09209101
417;operation_and_maintenance_cost_fixed_per_mw_input;2048;1319727.89115646
417;operation_and_maintenance_cost_fixed_per_mw_input;2049;1384066.58739596
417;operation_and_maintenance_cost_fixed_per_mw_input;2050;1455000
417;purchase_price_per_mw_input;2007;277604.002063699
417;purchase_price_per_mw_input;2008;277604.002063699
417;purchase_price_per_mw_input;2009;185899.046214436
417;purchase_price_per_mw_input;2010;167558.055044583
417;purchase_price_per_mw_input;2011;154880.036338064
417;purchase_price_per_mw_input;2012;141098.942832519
417;purchase_price_per_mw_input;2013;126112.976808763
417;purchase_price_per_mw_input;2014;127219.788579073
417;purchase_price_per_mw_input;2015;132448.231930704
417;purchase_price_per_mw_input;2016;138006.867823363
417;purchase_price_per_mw_input;2017;143924.197096663
417;purchase_price_per_mw_input;2018;150231.874822996
417;purchase_price_per_mw_input;2019;156965.140273146
417;purchase_price_per_mw_input;2020;164163.317114449
417;purchase_price_per_mw_input;2021;171870.397317404
417;purchase_price_per_mw_input;2022;180135.725238633
417;purchase_price_per_mw_input;2023;189014.802099902
417;purchase_price_per_mw_input;2024;198570.235813122
417;purchase_price_per_mw_input;2025;208872.867099255
417;purchase_price_per_mw_input;2026;220003.110500532
417;purchase_price_per_mw_input;2027;232052.5587084
417;purchase_price_per_mw_input;2028;245125.91132507
417;purchase_price_per_mw_input;2029;259343.305700922
417;purchase_price_per_mw_input;2030;274843.149160089
417;purchase_price_per_mw_input;2031;291785.58057112
417;purchase_price_per_mw_input;2032;310356.727404865
417;purchase_price_per_mw_input;2033;330773.975785056
417;purchase_price_per_mw_input;2034;353292.540792541
417;purchase_price_per_mw_input;2035;378213.719995126
417;purchase_price_per_mw_input;2036;405895.345952554
417;purchase_price_per_mw_input;2037;436765.139838015
417;purchase_price_per_mw_input;2038;471337.933332408
417;purchase_price_per_mw_input;2039;510238.107985997
417;purchase_price_per_mw_input;2040;554229.160289767
417;purchase_price_per_mw_input;2041;604253.132227094
417;purchase_price_per_mw_input;2042;661483.906164758
417;purchase_price_per_mw_input;2043;727400.307190042
417;purchase_price_per_mw_input;2044;803888.023962731
417;purchase_price_per_mw_input;2045;893384.318079028
417;purchase_price_per_mw_input;2046;999087.72549366
417;purchase_price_per_mw_input;2047;1125269.04329344
417;purchase_price_per_mw_input;2048;1277744.84620958
417;purchase_price_per_mw_input;2049;1464620.72740313
417;purchase_price_per_mw_input;2050;1697500
417;full_load_hours;2007;2500
417;full_load_hours;2008;2500
417;full_load_hours;2009;2500
417;full_load_hours;2010;2500
417;full_load_hours;2011;2637.5
417;full_load_hours;2012;2775
417;full_load_hours;2013;2912.5
417;full_load_hours;2014;3050
417;full_load_hours;2015;3187.5
417;full_load_hours;2016;3325
417;full_load_hours;2017;3462.5
417;full_load_hours;2018;3600
417;full_load_hours;2019;3737.5
417;full_load_hours;2020;3875
417;full_load_hours;2021;4012.5
417;full_load_hours;2022;4150
417;full_load_hours;2023;4287.5
417;full_load_hours;2024;4425
417;full_load_hours;2025;4562.5
417;full_load_hours;2026;4700
417;full_load_hours;2027;4837.5
417;full_load_hours;2028;4975
417;full_load_hours;2029;5112.5
417;full_load_hours;2030;5250
417;full_load_hours;2031;5387.5
417;full_load_hours;2032;5525
417;full_load_hours;2033;5662.5
417;full_load_hours;2034;5800
417;full_load_hours;2035;5937.5
417;full_load_hours;2036;6075
417;full_load_hours;2037;6212.5
417;full_load_hours;2038;6350
417;full_load_hours;2039;6487.5
417;full_load_hours;2040;6625
417;full_load_hours;2041;6762.5
417;full_load_hours;2042;6900
417;full_load_hours;2043;7037.5
417;full_load_hours;2044;7175
417;full_load_hours;2045;7312.5
417;full_load_hours;2046;7450
417;full_load_hours;2047;7587.5
417;full_load_hours;2048;7725
417;full_load_hours;2049;7862.5
417;full_load_hours;2050;8000
417;typical_nominal_input_capacity;2007;0.00628865979381443
417;typical_nominal_input_capacity;2008;0.00628865979381443
417;typical_nominal_input_capacity;2009;0.00628865979381443
417;typical_nominal_input_capacity;2010;0.00628865979381443
417;typical_nominal_input_capacity;2011;0.00618298969072165
417;typical_nominal_input_capacity;2012;0.00607731958762887
417;typical_nominal_input_capacity;2013;0.00597164948453608
417;typical_nominal_input_capacity;2014;0.0058659793814433
417;typical_nominal_input_capacity;2015;0.00576030927835052
417;typical_nominal_input_capacity;2016;0.00565463917525773
417;typical_nominal_input_capacity;2017;0.00554896907216495
417;typical_nominal_input_capacity;2018;0.00544329896907217
417;typical_nominal_input_capacity;2019;0.00533762886597938
417;typical_nominal_input_capacity;2020;0.0052319587628866
417;typical_nominal_input_capacity;2021;0.00512628865979381
417;typical_nominal_input_capacity;2022;0.00502061855670103
417;typical_nominal_input_capacity;2023;0.00491494845360825
417;typical_nominal_input_capacity;2024;0.00480927835051546
417;typical_nominal_input_capacity;2025;0.00470360824742268
417;typical_nominal_input_capacity;2026;0.0045979381443299
417;typical_nominal_input_capacity;2027;0.00449226804123711
417;typical_nominal_input_capacity;2028;0.00438659793814433
417;typical_nominal_input_capacity;2029;0.00428092783505155
417;typical_nominal_input_capacity;2030;0.00417525773195876
417;typical_nominal_input_capacity;2031;0.00406958762886598
417;typical_nominal_input_capacity;2032;0.0039639175257732
417;typical_nominal_input_capacity;2033;0.00385824742268041
417;typical_nominal_input_capacity;2034;0.00375257731958763
417;typical_nominal_input_capacity;2035;0.00364690721649485
417;typical_nominal_input_capacity;2036;0.00354123711340206
417;typical_nominal_input_capacity;2037;0.00343556701030928
417;typical_nominal_input_capacity;2038;0.00332989690721649
417;typical_nominal_input_capacity;2039;0.00322422680412371
417;typical_nominal_input_capacity;2040;0.00311855670103093
417;typical_nominal_input_capacity;2041;0.00301288659793815
417;typical_nominal_input_capacity;2042;0.00290721649484536
417;typical_nominal_input_capacity;2043;0.00280154639175258
417;typical_nominal_input_capacity;2044;0.0026958762886598
417;typical_nominal_input_capacity;2045;0.00259020618556701
417;typical_nominal_input_capacity;2046;0.00248453608247423
417;typical_nominal_input_capacity;2047;0.00237886597938144
417;typical_nominal_input_capacity;2048;0.00227319587628866
417;typical_nominal_input_capacity;2049;0.00216752577319588
417;typical_nominal_input_capacity;2050;0.00206185567010309
;;;
;;;
;;;
;;;
;;;
;;;
;;;
;;;
;;;
;;;
;;;
;;;
;;;
;;;
;;;
;;;
;;;
;;;
;;;
;;;
;;;
;;;
;;;
;;;
;;;
;;;
;;;
;;;
;;;
;;;
;;;
;;;
;;;
;;;
;;;
;;;
;;;
;;;
;;;
;;;
;;;
;;;
;;;
;;;
;;;
;;;
;;;
;;;
;;;
;;;
;;;
;;;
;;;
;;;
;;;
;;;
;;;
;;;
;;;
;;;
;;;
;;;
;;;
;;;
;;;
;;;
;;;
;;;
;;;
;;;
;;;
;;;
;;;
;;;
;;;
;;;
;;;
;;;
;;;
;;;
;;;
;;;
;;;
;;;
;;;
;;;
;;;
;;;
;;;
;;;
;;;
;;;
;;;
;;;
;;;
;;;
;;;
;;;
;;;
;;;
;;;
;;;
;;;
;;;
;;;
;;;
;;;
;;;
;;;
;;;
;;;
;;;
;;;
;;;
;;;
;;;
;;;
;;;
;;;
;;;
;;;
;;;
;;;
;;;
;;;
;;;
;;;
;;;
;;;
;;;
;;;
;;;
;;;
;;;
;;;
;;;
;;;
;;;
;;;
;;;
;;;
;;;
;;;
;;;
;;;
;;;
;;;
;;;
;;;
;;;
;;;
;;;
;;;
;;;
;;;
;;;
;;;
;;;
;;;
;;;
;;;
;;;
;;;
;;;
;;;
;;;
;;;
;;;
;;;
;;;
;;;
;;;
;;;
;;;
;;;
;;;
;;;
;;;
;;;
;;;
;;;
;;;
;;;
;;;
;;;
;;;
;;;
;;;
;;;
;;;
;;;
;;;
;;;
;;;
;;;
;;;
;;;
;;;
;;;
;;;
;;;
;;;
;;;
;;;
;;;
;;;
;;;
;;;
;;;
;;;
;;;
;;;
;;;
;;;
;;;
;;;
;;;
;;;
;;;
;;;
;;;
;;;
;;;
;;;
;;;
;;;
;;;
;;;
;;;
;;;
;;;
;;;
;;;
;;;
;;;
;;;
;;;
;;;
;;;
;;;
;;;
;;;
;;;
;;;
;;;
;;;
;;;
;;;
;;;
;;;
;;;
;;;
;;;
;;;
;;;
;;;
;;;
;;;
;;;
;;;
;;;
;;;
;;;
;;;
;;;
;;;
;;;
;;;
;;;
;;;
;;;
;;;
;;;
;;;
;;;
;;;
;;;
;;;
;;;
;;;
;;;
;;;
;;;
;;;
;;;
;;;
;;;
;;;
;;;
;;;
;;;
;;;
;;;
;;;
;;;
;;;
;;;
;;;
;;;
;;;
;;;
;;;
;;;
;;;
;;;
;;;
;;;
;;;
;;;
;;;
;;;
;;;
;;;
;;;
;;;
;;;
;;;
;;;
;;;
;;;
;;;
;;;
;;;
;;;
;;;
;;;
;;;
;;;
;;;
;;;
;;;
;;;
;;;
;;;
;;;
;;;
;;;
;;;
;;;
;;;
;;;
;;;
;;;
;;;
;;;
;;;
;;;
;;;
;;;
;;;
;;;
;;;
;;;
;;;
;;;
;;;
;;;
;;;
;;;
;;;
;;;
;;;
;;;
;;;
;;;
;;;
;;;
;;;
;;;
;;;
;;;
;;;
;;;
;;;
;;;
;;;
;;;
;;;
;;;
;;;
;;;
;;;
;;;
;;;
;;;
;;;
;;;
;;;
;;;
;;;
;;;
;;;
;;;
;;;
;;;
;;;
;;;
;;;
;;;
;;;
;;;
;;;
;;;
;;;
;;;
;;;
;;;
;;;
;;;
;;;
;;;
;;;
;;;
;;;
;;;
;;;
;;;
;;;
;;;
;;;
;;;
;;;
;;;
;;;
;;;
;;;
;;;
;;;
;;;
;;;
;;;
;;;
;;;
;;;
;;;
;;;
;;;
;;;
;;;
;;;
;;;
;;;
;;;
;;;
;;;
;;;
;;;
;;;
;;;
;;;
;;;
;;;
;;;
;;;
;;;
;;;
;;;
;;;
;;;
;;;
;;;
;;;
;;;
;;;
;;;
;;;
;;;
;;;
;;;
;;;
;;;
;;;
;;;
;;;
;;;
;;;
;;;
;;;
;;;
;;;
;;;
;;;
;;;
;;;
;;;
;;;
;;;
;;;
;;;
;;;
;;;
;;;
;;;
;;;
;;;
;;;
;;;
;;;
;;;
;;;
;;;
;;;
;;;
;;;
;;;
;;;
;;;
;;;
;;;
;;;
;;;
;;;
;;;
;;;
;;;
;;;
;;;
;;;
;;;
;;;
;;;
;;;
;;;
;;;
;;;
;;;
;;;
;;;
;;;
;;;
;;;
;;;
;;;
;;;
;;;
;;;
;;;
;;;
;;;
;;;
;;;
;;;
;;;
;;;
;;;
;;;
;;;
;;;
;;;
;;;
;;;
;;;
;;;
;;;
;;;
;;;
;;;
;;;
;;;
;;;
;;;
;;;
;;;
;;;
;;;
;;;
;;;
;;;
;;;
;;;
;;;
;;;
;;;
;;;
;;;
;;;
;;;
;;;
;;;
;;;
;;;
;;;
;;;
;;;
;;;
;;;
;;;
;;;
;;;
;;;
;;;
;;;
;;;
;;;
;;;
;;;
;;;
;;;
;;;
;;;
;;;
;;;
;;;
;;;
;;;
;;;
;;;
;;;
;;;
;;;
;;;
;;;
;;;
;;;
;;;
;;;
;;;
;;;
;;;
;;;
;;;
;;;
;;;
;;;
;;;
;;;
;;;
;;;
;;;
;;;
;;;
;;;
;;;
;;;
;;;
;;;
;;;
;;;
;;;
;;;
;;;
;;;
;;;
;;;
;;;
;;;
;;;
;;;
;;;
;;;
;;;
;;;
;;;
;;;
;;;
;;;
;;;
;;;
;;;
;;;
;;;
;;;
;;;
;;;
;;;
;;;
;;;
;;;
;;;
;;;
;;;
;;;
;;;
;;;
;;;
;;;
;;;
;;;
;;;
;;;
;;;
;;;
;;;
;;;
;;;
;;;
;;;
;;;
;;;
;;;
;;;
;;;
;;;
;;;
;;;
;;;
;;;
;;;
;;;
;;;
;;;
;;;
;;;
;;;
;;;
;;;
;;;
;;;
;;;
;;;
;;;
;;;
;;;
;;;
;;;
;;;
;;;
;;;
;;;
;;;
;;;
;;;
;;;
;;;
;;;
;;;
;;;
;;;
;;;
;;;
;;;
;;;
;;;
;;;
;;;
;;;
;;;
;;;
;;;
;;;
;;;
;;;
;;;
;;;
;;;
;;;
;;;
;;;
;;;
;;;
;;;
;;;
;;;
;;;
;;;
;;;
;;;
;;;
;;;
;;;
;;;
;;;
;;;
;;;
;;;
;;;
;;;
;;;
;;;
;;;
;;;
;;;
;;;
;;;
;;;
;;;
;;;
;;;
;;;
;;;
;;;
;;;
;;;
;;;
;;;
;;;
;;;
;;;
;;;
;;;
;;;
;;;
;;;
;;;
;;;
;;;
;;;
;;;
;;;
;;;
;;;
;;;
;;;
;;;
;;;
;;;
;;;
;;;
;;;
;;;
;;;
;;;
;;;
;;;
;;;
;;;
;;;
;;;
;;;
;;;
;;;
;;;
;;;
;;;
;;;
;;;
;;;
;;;
;;;
;;;
;;;
;;;
;;;
;;;
;;;
;;;
;;;
;;;
;;;
;;;
;;;
;;;
;;;
;;;
;;;
;;;
;;;
;;;
;;;
;;;
;;;
;;;
;;;
;;;
;;;
;;;
;;;
;;;
;;;
;;;
;;;
;;;
;;;
;;;
;;;
;;;
;;;
;;;
;;;
;;;
;;;
;;;
;;;
;;;
;;;
;;;
;;;
;;;
;;;
;;;
;;;
;;;
;;;
;;;
;;;
;;;
;;;
;;;
;;;
;;;
;;;
;;;
;;;
;;;
;;;
;;;
;;;
;;;
;;;
;;;
;;;
;;;
;;;
;;;
;;;
;;;
;;;
;;;
;;;
;;;
;;;
;;;
;;;
;;;
;;;
;;;
;;;
;;;
;;;
;;;
;;;
;;;
;;;
;;;
;;;
;;;
;;;
;;;
;;;
;;;
;;;
;;;
;;;
;;;
;;;
;;;
;;;
;;;
;;;
;;;
;;;
;;;
;;;
;;;
;;;
;;;
;;;
;;;
;;;
;;;
;;;
;;;
;;;
;;;
;;;
;;;
;;;
;;;
;;;
;;;
;;;
;;;
;;;
;;;
;;;
;;;
;;;
;;;
;;;
;;;
;;;
;;;
;;;
;;;
;;;
;;;
;;;
;;;
;;;
;;;
;;;
;;;
;;;
;;;
;;;
;;;
;;;
;;;
;;;
;;;
;;;
;;;
;;;
;;;
;;;
;;;
;;;
;;;
;;;
;;;
;;;
;;;
;;;
;;;
;;;
;;;
;;;
;;;
;;;
;;;
;;;
;;;
;;;
;;;
;;;
;;;
;;;
;;;
;;;
;;;
;;;
;;;
;;;
;;;
;;;
;;;
;;;
;;;
;;;
;;;
;;;
;;;
;;;
;;;
;;;
;;;
;;;
;;;
;;;
;;;
;;;
;;;
;;;
;;;
;;;
;;;
;;;
;;;
;;;
;;;
;;;
;;;
;;;
;;;
;;;
;;;
;;;
;;;
;;;
;;;
;;;
;;;
;;;
;;;
;;;
;;;
;;;
;;;
;;;
;;;
;;;
;;;
;;;
;;;
;;;
;;;
;;;
;;;
;;;
;;;
;;;
;;;
;;;
;;;
;;;
;;;
;;;
;;;
;;;
;;;
;;;
;;;
;;;
;;;
;;;
;;;
;;;
;;;
;;;
;;;
;;;
;;;
;;;
;;;
;;;
;;;
;;;
;;;
;;;
;;;
;;;
;;;
;;;
;;;
;;;
;;;
;;;
;;;
;;;
;;;
;;;
;;;
;;;
;;;
;;;
;;;
;;;
;;;
;;;
;;;
;;;
;;;
;;;
;;;
;;;
;;;
;;;
;;;
;;;
;;;
;;;
;;;
;;;
;;;
;;;
;;;
;;;
;;;
;;;
;;;
;;;
;;;
;;;
;;;
;;;
;;;
;;;
;;;
;;;
;;;
;;;
;;;
;;;
;;;
;;;
;;;
;;;
;;;
;;;
;;;
;;;
;;;
;;;
;;;
;;;
;;;
;;;
;;;
;;;
;;;
;;;
;;;
;;;
;;;
;;;
;;;
;;;
;;;
;;;
;;;
;;;
;;;
;;;
;;;
;;;
;;;
;;;
;;;
;;;
;;;
;;;
;;;
;;;
;;;
;;;
;;;
;;;
;;;
;;;
;;;
;;;
;;;
;;;
;;;
;;;
;;;
;;;
;;;
;;;
;;;
;;;
;;;
;;;
;;;
;;;
;;;
;;;
;;;
;;;
;;;
;;;
;;;
;;;
;;;
;;;
;;;
;;;
;;;
;;;
;;;
;;;
;;;
;;;
;;;
;;;
;;;
;;;
;;;
;;;
;;;
;;;
;;;
;;;
;;;
;;;
;;;
;;;
;;;
;;;
;;;
;;;
;;;
;;;
;;;
;;;
;;;
;;;
;;;
;;;
;;;
;;;
;;;
;;;
;;;
;;;
;;;
;;;
;;;
;;;
;;;
;;;
;;;
;;;
;;;
;;;
;;;
;;;
;;;
;;;
;;;
;;;
;;;
;;;
;;;
;;;
;;;
;;;
;;;
;;;
;;;
;;;
;;;
;;;
;;;
;;;
;;;
;;;
;;;
;;;
;;;
;;;
;;;
;;;
;;;
;;;
;;;
;;;
;;;
;;;
;;;
;;;
;;;
;;;
;;;
;;;
;;;
;;;
;;;
;;;
;;;
;;;
;;;
;;;
;;;
;;;
;;;
;;;
;;;
;;;
;;;
;;;
;;;
;;;
;;;
;;;
;;;
;;;
;;;
;;;
;;;
;;;
;;;
;;;
;;;
;;;
;;;
;;;
;;;
;;;
;;;
;;;
;;;
;;;
;;;
;;;
;;;
;;;
;;;
;;;
;;;
;;;
;;;
;;;
;;;
;;;
;;;
;;;
;;;
;;;
;;;
;;;
;;;
;;;
;;;
;;;
;;;
;;;
;;;
;;;
;;;
;;;
;;;
;;;
;;;
;;;
;;;
;;;
;;;
;;;
;;;
;;;
;;;
;;;
;;;
;;;
;;;
;;;
;;;
;;;
;;;
;;;
;;;
;;;
;;;
;;;
;;;
;;;
;;;
;;;
;;;
;;;
;;;
;;;
;;;
;;;
;;;
;;;
;;;
;;;
;;;
;;;
;;;
;;;
;;;
;;;
;;;
;;;
;;;
;;;
;;;
;;;
;;;
;;;
;;;
;;;
;;;
;;;
;;;
;;;
;;;
;;;
;;;
;;;
;;;
;;;
;;;
;;;
;;;
;;;
;;;
;;;
;;;
;;;
;;;
;;;
;;;
;;;
;;;
;;;
;;;
;;;
;;;
;;;
;;;
;;;
;;;
;;;
;;;
;;;
;;;
;;;
;;;
;;;
;;;
;;;
;;;
;;;
;;;
;;;
;;;
;;;
;;;
;;;
;;;
;;;
;;;
;;;
;;;
;;;
;;;
;;;
;;;
;;;
;;;
;;;
;;;
;;;
;;;
;;;
;;;
;;;
;;;
;;;
;;;
;;;
;;;
;;;
;;;
;;;
;;;
;;;
;;;
;;;
;;;
;;;
;;;
;;;
;;;
;;;
;;;
;;;
;;;
;;;
;;;
;;;
;;;
;;;
;;;
;;;
;;;
;;;
;;;
;;;
;;;
;;;
;;;
;;;
;;;
;;;
;;;
;;;
;;;
;;;
;;;
;;;
;;;
;;;
;;;
;;;
;;;
;;;
;;;
;;;
;;;
;;;
;;;
;;;
;;;
;;;
;;;
;;;
;;;
;;;
;;;
;;;
;;;
;;;
;;;
;;;
;;;
;;;
;;;
;;;
;;;
;;;
;;;
;;;
;;;
;;;
;;;
;;;
;;;
;;;
;;;
;;;
;;;
;;;
;;;
;;;
;;;
;;;
;;;
;;;
;;;
;;;
;;;
;;;
;;;
;;;
;;;
;;;
;;;
;;;
;;;
;;;
;;;
;;;
;;;
;;;
;;;
;;;
;;;
;;;
;;;
;;;
;;;
;;;
;;;
;;;
;;;
;;;
;;;
;;;
;;;
;;;
;;;
;;;
;;;
;;;
;;;
;;;
;;;
;;;
;;;
;;;
;;;
;;;
;;;
;;;
;;;
;;;
;;;
;;;
;;;
;;;
;;;
;;;
;;;
;;;
;;;
;;;
;;;
;;;
;;;
;;;
;;;
;;;
;;;
;;;
;;;
;;;
;;;
;;;
;;;
;;;
;;;
;;;
;;;
;;;
;;;
;;;
;;;
;;;
;;;
;;;
;;;
;;;
;;;
;;;
;;;
;;;
;;;
;;;
;;;
;;;
;;;
;;;
;;;
;;;
;;;
;;;
;;;
;;;
;;;
;;;
;;;
;;;
;;;
;;;
;;;
;;;
;;;
;;;
;;;
;;;
;;;
;;;
;;;
;;;
;;;
;;;
;;;
;;;
;;;
;;;
;;;
;;;
;;;
;;;
;;;
;;;
;;;
;;;
;;;
;;;
;;;
;;;
;;;
;;;
;;;
;;;
;;;
;;;
;;;
;;;
;;;
;;;
;;;
;;;
;;;
;;;
;;;
;;;
;;;
;;;
;;;
;;;
;;;
;;;
;;;
;;;
;;;
;;;
;;;
;;;
;;;
;;;
;;;
;;;
;;;
;;;
;;;
;;;
;;;
;;;
;;;
;;;
;;;
;;;
;;;
;;;
;;;
;;;
;;;
;;;
;;;
;;;
;;;
;;;
;;;
;;;
;;;
;;;
;;;
;;;
;;;
;;;
;;;
;;;
;;;
;;;
;;;
;;;
;;;
;;;
;;;
;;;
;;;
;;;
;;;
;;;
;;;
;;;
;;;
;;;
;;;
;;;
;;;
;;;
;;;
;;;
;;;
;;;
;;;
;;;
;;;
;;;
;;;
;;;
;;;
;;;
;;;
;;;
;;;
;;;
;;;
;;;
;;;
;;;
;;;
;;;
;;;
;;;
;;;
;;;
;;;
;;;
;;;
;;;
;;;
;;;
;;;
;;;
;;;
;;;
;;;
;;;
;;;
;;;
;;;
;;;
;;;
;;;
;;;
;;;
;;;
;;;
;;;
;;;
;;;
;;;
;;;
;;;
;;;
;;;
;;;
;;;
;;;
;;;
;;;
;;;
;;;
;;;
;;;
;;;
;;;
;;;
;;;
;;;
;;;
;;;
;;;
;;;
;;;
;;;
;;;
;;;
;;;
;;;
;;;
;;;
;;;
;;;
;;;
;;;
;;;
;;;
;;;
;;;
;;;
;;;
;;;
;;;
;;;
;;;
;;;
;;;
;;;
;;;
;;;
;;;
;;;
;;;
;;;
;;;
;;;
;;;
;;;
;;;
;;;
;;;
;;;
;;;
;;;
;;;
;;;
;;;
;;;
;;;
;;;
;;;
;;;
;;;
;;;
;;;
;;;
;;;
;;;
;;;
;;;
;;;
;;;
;;;
;;;
;;;
;;;
;;;
;;;
;;;
;;;
;;;
;;;
;;;
;;;
;;;
;;;
;;;
;;;
;;;
;;;
;;;
;;;
;;;
;;;
;;;
;;;
;;;
;;;
;;;
;;;
;;;
;;;
;;;
;;;
;;;
;;;
;;;
;;;
;;;
;;;
;;;
;;;
;;;
;;;
;;;
;;;
;;;
;;;
;;;
;;;
;;;
;;;
;;;
;;;
;;;
;;;
;;;
;;;
;;;
;;;
;;;
;;;
;;;
;;;
;;;
;;;
;;;
;;;
;;;
;;;
;;;
;;;
;;;
;;;
;;;
;;;
;;;
;;;
;;;
;;;
;;;
;;;
;;;
;;;
;;;
;;;
;;;
;;;
;;;
;;;
;;;
;;;
;;;
;;;
;;;
;;;
;;;
;;;
;;;
;;;
;;;
;;;
;;;
;;;
;;;
;;;
;;;
;;;
;;;
;;;
;;;
;;;
;;;
;;;
;;;
;;;
;;;
;;;
;;;
;;;
;;;
;;;
;;;
;;;
;;;
;;;
;;;
;;;
;;;
;;;
;;;
;;;
;;;
;;;
;;;
;;;
;;;
;;;
;;;
;;;
;;;
;;;
;;;
;;;
;;;
;;;
;;;
;;;
;;;
;;;
;;;
;;;
;;;
;;;
;;;
;;;
;;;
;;;
;;;
;;;
;;;
;;;
;;;
;;;
;;;
;;;
;;;
;;;
;;;
;;;
;;;
;;;
;;;
;;;
;;;
;;;
;;;
;;;
;;;
;;;
;;;
;;;
;;;
;;;
;;;
;;;
;;;
;;;
;;;
;;;
;;;
;;;
;;;
;;;
;;;
;;;
;;;
;;;
;;;
;;;
;;;
;;;
;;;
;;;
;;;
;;;
;;;
;;;
;;;
;;;
;;;
;;;
;;;
;;;
;;;
;;;
;;;
;;;
;;;
;;;
;;;
;;;
;;;
;;;
;;;
;;;
;;;
;;;
;;;
;;;
;;;
;;;
;;;
;;;
;;;
;;;
;;;
;;;
;;;
;;;
;;;
;;;
;;;
;;;
;;;
;;;
;;;
;;;
;;;
;;;
;;;
;;;
;;;
;;;
;;;
;;;
;;;
;;;
;;;
;;;
;;;
;;;
;;;
;;;
;;;
;;;
;;;
;;;
;;;
;;;
;;;
;;;
;;;
;;;
;;;
;;;
;;;
;;;
;;;
;;;
;;;
;;;
;;;
;;;
;;;
;;;
;;;
;;;
;;;
;;;
;;;
;;;
;;;
;;;
;;;
;;;
;;;
;;;
;;;
;;;
;;;
;;;
;;;
;;;
;;;
;;;
;;;
;;;
;;;
;;;
;;;
;;;
;;;
;;;
;;;
;;;
;;;
;;;
;;;
;;;
;;;
;;;
;;;
;;;
;;;
;;;
;;;
;;;
;;;
;;;
;;;
;;;
;;;
;;;
;;;
;;;
;;;
;;;
;;;
;;;
;;;
;;;
;;;
;;;
;;;
;;;
;;;
;;;
;;;
;;;
;;;
;;;
;;;
;;;
;;;
;;;
;;;
;;;
;;;
;;;
;;;
;;;
;;;
;;;
;;;
;;;
;;;
;;;
;;;
;;;
;;;
;;;
;;;
;;;
;;;
;;;
;;;
;;;
;;;
;;;
;;;
;;;
;;;
;;;
;;;
;;;
;;;
;;;
;;;
;;;
;;;
;;;
;;;
;;;
;;;
;;;
;;;
;;;
;;;
;;;
;;;
;;;
;;;
;;;
;;;
;;;
;;;
;;;
;;;
;;;
;;;
;;;
;;;
;;;
;;;
;;;
;;;
;;;
;;;
;;;
;;;
;;;
;;;
;;;
;;;
;;;
;;;
;;;
;;;
;;;
;;;
;;;
;;;
;;;
;;;
;;;
;;;
;;;
;;;
;;;
;;;
;;;
;;;
;;;
;;;
;;;
;;;
;;;
;;;
;;;
;;;
;;;
;;;
;;;
;;;
;;;
;;;
;;;
;;;
;;;
;;;
;;;
;;;
;;;
;;;
;;;
;;;
;;;
;;;
;;;
;;;
;;;
;;;
;;;
;;;
;;;
;;;
;;;
;;;
;;;
;;;
;;;
;;;
;;;
;;;
;;;
;;;
;;;
;;;
;;;
;;;
;;;
;;;
;;;
;;;
;;;
;;;
;;;
;;;
;;;
;;;
;;;
;;;
;;;
;;;
;;;
;;;
;;;
;;;
;;;
;;;
;;;
;;;
;;;
;;;
;;;
;;;
;;;
;;;
;;;
;;;
;;;
;;;
;;;
;;;
;;;
;;;
;;;
;;;
;;;
;;;
;;;
;;;
;;;
;;;
;;;
;;;
;;;
;;;
;;;
;;;
;;;
;;;
;;;
;;;
;;;
;;;
;;;
;;;
;;;
;;;
;;;
;;;
;;;
;;;
;;;
;;;
;;;
;;;
;;;
;;;
;;;
;;;
;;;
;;;
;;;
;;;
;;;
;;;
;;;
;;;
;;;
;;;
;;;
;;;
;;;
;;;
;;;
;;;
;;;
;;;
;;;
;;;
;;;
;;;
;;;
;;;
;;;
;;;
;;;
;;;
;;;
;;;
;;;
;;;
;;;
;;;
;;;
;;;
;;;
;;;
;;;
;;;
;;;
;;;
;;;
;;;
;;;
;;;
;;;
;;;
;;;
;;;
;;;
;;;
;;;
;;;
;;;
;;;
;;;
;;;
;;;
;;;
;;;
;;;
;;;
;;;
;;;
;;;
;;;
;;;
;;;
;;;
;;;
;;;
;;;
;;;
;;;
;;;
;;;
;;;
;;;
;;;
;;;
;;;
;;;
;;;
;;;
;;;
;;;
;;;
;;;
;;;
;;;
;;;
;;;
;;;
;;;
;;;
;;;
;;;
;;;
;;;
;;;
;;;
;;;
;;;
;;;
;;;
;;;
;;;
;;;
;;;
;;;
;;;
;;;
;;;
;;;
;;;
;;;
;;;
;;;
;;;
;;;
;;;
;;;
;;;
;;;
;;;
;;;
;;;
;;;
;;;
;;;
;;;
;;;
;;;
;;;
;;;
;;;
;;;
;;;
;;;
;;;
;;;
;;;
;;;
;;;
;;;
;;;
;;;
;;;
;;;
;;;
;;;
;;;
;;;
;;;
;;;
;;;
;;;
;;;
;;;
;;;
;;;
;;;
;;;
;;;
;;;
;;;
;;;
;;;
;;;
;;;
;;;
;;;
;;;
;;;
;;;
;;;
;;;
;;;
;;;
;;;
;;;
;;;
;;;
;;;
;;;
;;;
;;;
;;;
;;;
;;;
;;;
;;;
;;;
;;;
;;;
;;;
;;;
;;;
;;;
;;;
;;;
;;;
;;;
;;;
;;;
;;;
;;;
;;;
;;;
;;;
;;;
;;;
;;;
;;;
;;;
;;;
;;;
;;;
;;;
;;;
;;;
;;;
;;;
;;;
;;;
;;;
;;;
;;;
;;;
;;;
;;;
;;;
;;;
;;;
;;;
;;;
;;;
;;;
;;;
;;;
;;;
;;;
;;;
;;;
;;;
;;;
;;;
;;;
;;;
;;;
;;;
;;;
;;;
;;;
;;;
;;;
;;;
;;;
;;;
;;;
;;;
;;;
;;;
;;;
;;;
;;;
;;;
;;;
;;;
;;;
;;;
;;;
;;;
;;;
;;;
;;;
;;;
;;;
;;;
;;;
;;;
;;;
;;;
;;;
;;;
;;;
;;;
;;;
;;;
;;;
;;;
;;;
;;;
;;;
;;;
;;;
;;;
;;;
;;;
;;;
;;;
;;;
;;;
;;;
;;;
;;;
;;;
;;;
;;;
;;;
;;;
;;;
;;;
;;;
;;;
;;;
;;;
;;;
;;;
;;;
;;;
;;;
;;;
;;;
;;;
;;;
;;;
;;;
;;;
;;;
;;;
;;;
;;;
;;;
;;;
;;;
;;;
;;;
;;;
;;;
;;;
;;;
;;;
;;;
;;;
;;;
;;;
;;;
;;;
;;;
;;;
;;;
;;;
;;;
;;;
;;;
;;;
;;;
;;;
;;;
;;;
;;;
;;;
;;;
;;;
;;;
;;;
;;;
;;;
;;;
;;;
;;;
;;;
;;;
;;;
;;;
;;;
;;;
;;;
;;;
;;;
;;;
;;;
;;;
;;;
;;;
;;;
;;;
;;;
;;;
;;;
;;;
;;;
;;;
;;;
;;;
;;;
;;;
;;;
;;;
;;;
;;;
;;;
;;;
;;;
;;;
;;;
;;;
;;;
;;;
;;;
;;;
;;;
;;;
;;;
;;;
;;;
;;;
;;;
;;;
;;;
;;;
;;;
;;;
;;;
;;;
;;;
;;;
;;;
;;;
;;;
;;;
;;;
;;;
;;;
;;;
;;;
;;;
;;;
;;;
;;;
;;;
;;;
;;;
;;;
;;;
;;;
;;;
;;;
;;;
;;;
;;;
;;;
;;;
;;;
;;;
;;;
;;;
;;;
;;;
;;;
;;;
;;;
;;;
;;;
;;;
;;;
;;;
;;;
;;;
;;;
;;;
;;;
;;;
;;;
;;;
;;;
;;;
;;;
;;;
;;;
;;;
;;;
;;;
;;;
;;;
;;;
;;;
;;;
;;;
;;;
;;;
;;;
;;;
;;;
;;;
;;;
;;;
;;;
;;;
;;;
;;;
;;;
;;;
;;;
;;;
;;;
;;;
;;;
;;;
;;;
;;;
;;;
;;;
;;;
;;;
;;;
;;;
;;;
;;;
;;;
;;;
;;;
;;;
;;;
;;;
;;;
;;;
;;;
;;;
;;;
;;;
;;;
;;;
;;;
;;;
;;;
;;;
;;;
;;;
;;;
;;;
;;;
;;;
;;;
;;;
;;;
;;;
;;;
;;;
;;;
;;;
;;;
;;;
;;;
;;;
;;;
;;;
;;;
;;;
;;;
;;;
;;;
;;;
;;;
;;;
;;;
;;;
;;;
;;;
;;;
;;;
;;;
;;;
;;;
;;;
;;;
;;;
;;;
;;;
;;;
;;;
;;;
;;;
;;;
;;;
;;;
;;;
;;;
;;;
;;;
;;;
;;;
;;;
;;;
;;;
;;;
;;;
;;;
;;;
;;;
;;;
;;;
;;;
;;;
;;;
;;;
;;;
;;;
;;;
;;;
;;;
;;;
;;;
;;;
;;;
;;;
;;;
;;;
;;;
;;;
;;;
;;;
;;;
;;;
;;;
;;;
;;;
;;;
;;;
;;;
;;;
;;;
;;;
;;;
;;;
;;;
;;;
;;;
;;;
;;;
;;;
;;;
;;;
;;;
;;;
;;;
;;;
;;;
;;;
;;;
;;;
;;;
;;;
;;;
;;;
;;;
;;;
;;;
;;;
;;;
;;;
;;;
;;;
;;;
;;;
;;;
;;;
;;;
;;;
;;;
;;;
;;;
;;;
;;;
;;;
;;;
;;;
;;;
;;;
;;;
;;;
;;;
;;;
;;;
;;;
;;;
;;;
;;;
;;;
;;;
;;;
;;;
;;;
;;;
;;;
;;;
;;;
;;;
;;;
;;;
;;;
;;;
;;;
;;;
;;;
;;;
;;;
;;;
;;;
;;;
;;;
;;;
;;;
;;;
;;;
;;;
;;;
;;;
;;;
;;;
;;;
;;;
;;;
;;;
;;;
;;;
;;;
;;;
;;;
;;;
;;;
;;;
;;;
;;;
;;;
;;;
;;;
;;;
;;;
;;;
;;;
;;;
;;;
;;;
;;;
;;;
;;;
;;;
;;;
;;;
;;;
;;;
;;;
;;;
;;;
;;;
;;;
;;;
;;;
;;;
;;;
;;;
;;;
;;;
;;;
;;;
;;;
;;;
;;;
;;;
;;;
;;;
;;;
;;;
;;;
;;;
;;;
;;;
;;;
;;;
;;;
;;;
;;;
;;;
;;;
;;;
;;;
;;;
;;;
;;;
;;;
;;;
;;;
;;;
;;;
;;;
;;;
;;;
;;;
;;;
;;;
;;;
;;;
;;;
;;;
;;;
;;;
;;;
;;;
;;;
;;;
;;;
;;;
;;;
;;;
;;;
;;;
;;;
;;;
;;;
;;;
;;;
;;;
;;;
;;;
;;;
;;;
;;;
;;;
;;;
;;;
;;;
;;;
;;;
;;;
;;;
;;;
;;;
;;;
;;;
;;;
;;;
;;;
;;;
;;;
;;;
;;;
;;;
;;;
;;;
;;;
;;;
;;;
;;;
;;;
;;;
;;;
;;;
;;;
;;;
;;;
;;;
;;;
;;;
;;;
;;;
;;;
;;;
;;;
;;;
;;;
;;;
;;;
;;;
;;;
;;;
;;;
;;;
;;;
;;;
;;;
;;;
;;;
;;;
;;;
;;;
;;;
;;;
;;;
;;;
;;;
;;;
;;;
;;;
;;;
;;;
;;;
;;;
;;;
;;;
;;;
;;;
;;;
;;;
;;;
;;;
;;;
;;;
;;;
;;;
;;;
;;;
;;;
;;;
;;;
;;;
;;;
;;;
;;;
;;;
;;;
;;;
;;;
;;;
;;;
;;;
;;;
;;;
;;;
;;;
;;;
;;;
;;;
;;;
;;;
;;;
;;;
;;;
;;;
;;;
;;;
;;;
;;;
;;;
;;;
;;;
;;;
;;;
;;;
;;;
;;;
;;;
;;;
;;;
;;;
;;;
;;;
;;;
;;;
;;;
;;;
;;;
;;;
;;;
;;;
;;;
;;;
;;;
;;;
;;;
;;;
;;;
;;;
;;;
;;;
;;;
;;;
;;;
;;;
;;;
;;;
;;;
;;;
;;;
;;;
;;;
;;;
;;;
;;;
;;;
;;;
;;;
;;;
;;;
;;;
;;;
;;;
;;;
;;;
;;;
;;;
;;;
;;;
;;;
;;;
;;;
;;;
;;;
;;;
;;;
;;;
;;;
;;;
;;;
;;;
;;;
;;;
;;;
;;;
;;;
;;;
;;;
;;;
;;;
;;;
;;;
;;;
;;;
;;;
;;;
;;;
;;;
;;;
;;;
;;;
;;;
;;;
;;;
;;;
;;;
;;;
;;;
;;;
;;;
;;;
;;;
;;;
;;;
;;;
;;;
;;;
;;;
;;;
;;;
;;;
;;;
;;;
;;;
;;;
;;;
;;;
;;;
;;;
;;;
;;;
;;;
;;;
;;;
;;;
;;;
;;;
;;;
;;;
;;;
;;;
;;;
;;;
;;;
;;;
;;;
;;;
;;;
;;;
;;;
;;;
;;;
;;;
;;;
;;;
;;;
;;;
;;;
;;;
;;;
;;;
;;;
;;;
;;;
;;;
;;;
;;;
;;;
;;;
;;;
;;;
;;;
;;;
;;;
;;;
;;;
;;;
;;;
;;;
;;;
;;;
;;;
;;;
;;;
;;;
;;;
;;;
;;;
;;;
;;;
;;;
;;;
;;;
;;;
;;;
;;;
;;;
;;;
;;;
;;;
;;;
;;;
;;;
;;;
;;;
;;;
;;;
;;;
;;;
;;;
;;;
;;;
;;;
;;;
;;;
;;;
;;;
;;;
;;;
;;;
;;;
;;;
;;;
;;;
;;;
;;;
;;;
;;;
;;;
;;;
;;;
;;;
;;;
;;;
;;;
;;;
;;;
;;;
;;;
;;;
;;;
;;;
;;;
;;;
;;;
;;;
;;;
;;;
;;;
;;;
;;;
;;;
;;;
;;;
;;;
;;;
;;;
;;;
;;;
;;;
;;;
;;;
;;;
;;;
;;;
;;;
;;;
;;;
;;;
;;;
;;;
;;;
;;;
;;;
;;;
;;;
;;;
;;;
;;;
;;;
;;;
;;;
;;;
;;;
;;;
;;;
;;;
;;;
;;;
;;;
;;;
;;;
;;;
;;;
;;;
;;;
;;;
;;;
;;;
;;;
;;;
;;;
;;;
;;;
;;;
;;;
;;;
;;;
;;;
;;;
;;;
;;;
;;;
;;;
;;;
;;;
;;;
;;;
;;;
;;;
;;;
;;;
;;;
;;;
;;;
;;;
;;;
;;;
;;;
;;;
;;;
;;;
;;;
;;;
;;;
;;;
;;;
;;;
;;;
;;;
;;;
;;;
;;;
;;;
;;;
;;;
;;;
;;;
;;;
;;;
;;;
;;;
;;;
;;;
;;;
;;;
;;;
;;;
;;;
;;;
;;;
;;;
;;;
;;;
;;;
;;;
;;;
;;;
;;;
;;;
;;;
;;;
;;;
;;;
;;;
;;;
;;;
;;;
;;;
;;;
;;;
;;;
;;;
;;;
;;;
;;;
;;;
;;;
;;;
;;;
;;;
;;;
;;;
;;;
;;;
;;;
;;;
;;;
;;;
;;;
